date,air_temp,dni,ghi,azimuth,cloud_opacity,dewpoint_temp,dhi,gti,precipitable_water,precipitation_rate,relative_humidity,Monthly_MA_air_temp,Monthly_MA_dni,Monthly_MA_ghi,Monthly_MA_azimuth,Monthly_MA_cloud_opacity,Monthly_MA_dewpoint_temp,Monthly_MA_dhi,Monthly_MA_gti,Monthly_MA_precipitable_water,Monthly_MA_precipitation_rate,Monthly_MA_relative_humidity,Quarterly_MA_air_temp,Quarterly_MA_dni,Quarterly_MA_ghi,Quarterly_MA_azimuth,Quarterly_MA_cloud_opacity,Quarterly_MA_dewpoint_temp,Quarterly_MA_dhi,Quarterly_MA_gti,Quarterly_MA_precipitable_water,Quarterly_MA_precipitation_rate,Quarterly_MA_relative_humidity
2021-01-02,20.023809523809526,142.7797619047619,159.33928571428572,1.0297619047619047,7.5714285714285685,14.486904761904766,76.96428571428571,196.47619047619048,21.318452380952387,0.0,73.01071428571426,,,,,,,,,,,,,,,,,,,,,,
2021-01-09,21.654761904761905,77.28571428571429,133.32142857142858,2.630952380952381,18.25357142857142,16.45714285714285,86.625,152.125,27.535119047619062,0.0,73.86488095238099,,,,,,,,,,,,,,,,,,,,,,
2021-01-16,18.886904761904763,61.166666666666664,127.95833333333333,3.75,13.094642857142858,14.69583333333334,90.54166666666667,141.53571428571428,18.825595238095236,0.0005952380952380953,78.26369047619046,,,,,,,,,,,,,,,,,,,,,,
2021-01-23,18.327380952380953,95.55357142857143,148.72619047619048,4.464285714285714,12.883333333333331,13.97797619047619,88.88690476190476,170.35119047619048,16.611309523809517,0.0005952380952380953,77.53571428571428,19.723214285714285,94.19642857142857,142.33630952380952,2.96875,12.950744047619045,14.904464285714287,85.75446428571428,165.1220238095238,21.07261904761905,0.00029761904761904765,75.66874999999999,,,,,,,,,,,
2021-01-30,17.267857142857142,122.61309523809524,170.97619047619048,4.916666666666667,8.517857142857142,11.27797619047619,92.0,197.60119047619048,13.074404761904763,0.0,70.66369047619051,19.03422619047619,89.1547619047619,145.24553571428572,3.9404761904761907,13.187351190476187,14.102232142857142,89.51339285714286,165.4032738095238,19.011607142857144,0.00029761904761904765,75.08199404761906,,,,,,,,,,,
2021-02-06,20.30952380952381,150.14285714285714,187.4404761904762,5.136904761904762,10.08452380952381,13.685714285714287,90.39880952380952,217.6904761904762,15.913095238095238,0.017261904761904763,68.88630952380952,18.697916666666668,107.36904761904762,158.77529761904765,4.5669642857142865,11.145089285714285,13.409375,90.45684523809524,181.79464285714286,16.10610119047619,0.004613095238095238,73.8373511904762,,,,,,,,,,,
2021-02-13,22.791666666666668,99.29761904761905,169.82142857142858,5.190476190476191,19.769047619047615,17.25357142857143,100.375,187.64880952380952,22.318452380952383,0.0005952380952380953,73.70297619047616,19.674107142857146,116.90178571428571,169.24107142857144,4.927083333333334,12.813690476190475,14.048809523809524,92.91517857142858,193.32291666666666,16.979315476190475,0.004613095238095238,72.69717261904762,19.282366071428573,101.90550595238095,153.89955357142858,4.1008184523809526,12.524218749999998,14.116220238095238,89.65997023809524,176.41071428571428,18.292410714285715,0.002455357142857143,74.32131696428571
2021-02-20,24.06547619047619,123.16071428571429,177.70833333333334,5.136904761904762,19.48333333333333,17.001190476190477,92.97619047619048,196.625,22.98928571428571,0.0005952380952380953,67.84702380952383,21.108630952380953,123.80357142857144,176.48660714285717,5.095238095238095,14.463690476190475,14.804613095238096,93.9375,199.89136904761904,18.573809523809523,0.004613095238095238,70.275,19.62872023809524,109.30729166666667,162.43712797619048,4.632440476190476,12.902455357142856,14.091257440476191,91.70572916666667,185.10305059523807,17.667708333333334,0.00353422619047619,72.97287946428573
2021-02-27,27.142857142857142,204.75,230.64880952380952,4.875,8.147023809523809,18.956547619047626,86.6547619047619,259.48214285714283,20.830357142857146,0.0005952380952380953,65.3107142857143,23.577380952380953,144.33779761904762,191.40476190476193,5.084821428571429,14.370982142857141,16.724255952380954,92.60119047619047,215.36160714285717,20.512797619047618,0.004761904761904762,68.93675595238095,20.76450892857143,123.1030505952381,173.97693452380955,4.9185267857142865,13.198363095238093,14.746763392857144,92.47767857142858,197.59263392857144,18.043005952380952,0.004650297619047619,71.4365699404762
2021-03-06,27.648809523809526,111.85714285714286,194.50595238095238,4.535714285714286,17.84047619047619,21.78392857142857,111.8452380952381,206.89285714285714,28.1642857142857,0.002976190476190476,73.24285714285718,25.412202380952383,134.76636904761904,193.17113095238096,4.934523809523809,16.309970238095236,18.748809523809527,97.96279761904762,212.66220238095238,23.575595238095236,0.0011904761904761906,70.02589285714286,22.443080357142858,129.95238095238096,182.5758928571429,5.010416666666666,14.489583333333332,16.081622023809526,94.35416666666666,205.3095238095238,19.91037946428571,0.003794642857142857,70.48370535714285
2021-03-13,26.964285714285715,123.88690476190476,205.75595238095238,4.0476190476190474,13.788690476190471,20.20892857142856,112.71428571428571,216.0952380952381,26.535714285714274,0.02142857142857143,69.95773809523807,26.455357142857142,140.91369047619048,202.1547619047619,4.648809523809524,14.81488095238095,19.487648809523808,101.04761904761905,219.77380952380952,24.629910714285707,0.006398809523809524,69.08958333333335,24.138392857142858,135.95535714285714,190.80431547619048,4.940848214285714,14.98988095238095,17.441331845238096,96.38727678571428,211.92224702380952,21.82302827380952,0.004241071428571429,69.58180803571429
2021-03-20,29.601190476190474,91.9702380952381,197.66071428571428,3.5297619047619047,26.18154761904761,20.53630952380953,124.23809523809524,202.64285714285714,30.65000000000001,0.005952380952380952,62.06726190476185,27.839285714285715,133.11607142857142,207.1428571428571,4.247023809523809,16.489434523809518,20.371428571428574,108.86309523809523,221.2782738095238,26.545089285714283,0.0077380952380952375,67.64464285714286,25.82105654761905,138.28348214285714,198.46837797619048,4.728794642857143,15.496316964285711,18.833035714285717,100.11867559523809,217.26897321428572,23.81584821428571,0.005022321428571428,68.92421875
2021-03-27,30.297619047619047,122.31547619047619,221.20833333333334,2.988095238095238,16.216071428571432,22.65059523809523,121.71428571428571,226.10119047619048,26.690476190476186,0.018452380952380953,67.43035714285712,28.62797619047619,112.50744047619047,204.7827380952381,3.775297619047619,18.506696428571427,21.294940476190476,117.62797619047619,212.9330357142857,28.010119047619042,0.012202380952380952,68.17455357142855,27.083705357142858,130.32589285714286,201.81287202380952,4.40141369047619,16.530245535714283,19.975706845238097,106.37537202380952,216.66183035714286,25.690178571428568,0.006882440476190476,68.7336681547619
2021-04-03,29.095238095238095,122.54761904761905,227.54166666666666,2.4345238095238093,22.5220238095238,22.942261904761892,126.55357142857143,229.625,30.95833333333332,0.017261904761904763,71.93035714285715,28.989583333333332,115.18005952380952,213.04166666666669,3.2499999999999996,19.67708333333333,21.5845238095238,121.30505952380952,218.61607142857142,28.708630952380947,0.015773809523809523,67.84642857142855,27.978050595238095,125.42931547619048,206.78050595238096,3.980282738095238,17.372023809523807,20.684635416666666,112.2109375,218.15029761904762,26.973437499999992,0.01052827380952381,68.18880208333331
2021-04-10,30.24404761904762,114.19642857142857,221.3095238095238,1.9345238095238095,22.558928571428574,24.748214285714273,130.29761904761904,219.3095238095238,36.960714285714275,0.025000000000000005,74.52261904761906,29.80952380952381,112.75744047619048,216.93005952380952,2.7217261904761907,21.869642857142853,22.719345238095233,125.70089285714286,219.41964285714286,31.31488095238095,0.01666666666666667,68.98764880952379,28.816592261904763,118.39025297619048,210.47433035714283,3.4985119047619047,19.135714285714283,21.492559523809522,118.37425595238096,218.06175595238096,28.644680059523807,0.013095238095238097,68.16331845238093
2021-04-17,29.857142857142858,131.5654761904762,216.01190476190476,1.4583333333333333,25.280357142857135,24.186904761904753,111.1547619047619,211.875,38.126785714285724,0.03154761904761905,73.83809523809525,29.873511904761905,122.65625000000001,221.51785714285717,2.2038690476190474,21.644345238095237,23.631994047619038,122.43005952380952,221.72767857142858,33.184077380952374,0.023065476190476192,71.93035714285715,29.32514880952381,115.77529761904762,214.06808035714286,2.9877232142857144,20.424441964285712,22.307700892857135,121.76599702380952,218.17410714285714,30.30442708333333,0.016927083333333336,69.2347470238095
2021-04-24,31.202380952380953,176.7202380952381,264.2142857142857,1.0952380952380953,14.086904761904758,24.23095238095238,120.94642857142857,256.2261904761905,33.69107142857142,0.0011904761904761906,69.1625,30.099702380952383,136.25744047619048,232.26934523809524,1.7306547619047619,21.112053571428568,24.027083333333323,122.23809523809524,229.25892857142858,34.93422619047619,0.018750000000000003,72.36339285714286,29.693080357142858,121.71279761904762,220.93973214285717,2.4765625,21.075781249999995,22.99073660714285,122.91852678571428,222.25558035714286,32.035453869047615,0.0185639880952381,70.28195684523808
2021-05-01,28.958333333333332,108.31547619047619,217.80357142857142,0.8333333333333334,40.33928571428572,23.608928571428564,128.52380952380952,209.32142857142858,46.02380952380951,0.13869047619047623,74.30773809523805,30.06547619047619,132.6994047619048,229.83482142857142,1.330357142857143,25.566369047619048,24.19374999999999,122.73065476190476,224.18303571428572,38.70059523809523,0.04910714285714286,72.95773809523808,29.962053571428573,126.09263392857144,225.13802083333331,1.9966517857142858,22.548102678571425,23.643043154761894,123.2749255952381,223.64732142857144,34.53344494047619,0.026897321428571434,71.55978422619047
2021-05-08,28.88095238095238,101.51190476190476,206.02380952380952,0.7023809523809523,35.757738095238096,24.00714285714287,125.51190476190476,195.64880952380952,49.090476190476174,0.23928571428571438,76.17321428571431,29.72470238095238,129.52827380952382,226.01339285714286,1.0223214285714286,28.86607142857143,24.00848214285714,121.53422619047619,218.26785714285714,41.733035714285705,0.10267857142857147,73.3703869047619,29.940848214285715,130.28534226190476,227.40885416666669,1.5718005952380953,24.29720982142857,23.965327380952374,122.23325892857142,223.359375,37.13798363095238,0.04840029761904763,72.65546875
2021-05-15,32.05357142857143,196.61904761904762,268.8988095238095,0.625,28.20833333333334,25.86964285714284,114.875,249.79166666666666,49.46309523809526,0.0363095238095238,71.48869047619044,30.273809523809522,145.79166666666669,239.23511904761907,0.8139880952380952,29.598065476190477,24.429166666666667,122.46428571428572,227.7470238095238,44.56711309523809,0.10386904761904765,72.78303571428569,30.04092261904762,136.06919642857144,231.83816964285714,1.2243303571428572,26.28563988095238,24.16462053571428,122.24181547619047,224.8642113095238,39.983742559523805,0.0686011904761905,72.86863839285714
2021-05-22,30.523809523809526,63.25,153.64285714285714,0.7202380952380952,55.83095238095236,25.90178571428573,106.89880952380952,144.23809523809524,64.65,0.4666666666666667,77.49166666666667,30.104166666666664,117.42410714285715,211.5922619047619,0.7202380952380952,40.03407738095238,24.846875,118.95238095238095,199.75,52.306845238095235,0.2202380952380953,74.86532738095238,30.04203869047619,131.3608630952381,226.6688988095238,0.9717261904761905,31.016145833333336,24.369568452380953,121.4203869047619,217.48697916666666,44.32689732142857,0.11897321428571432,73.49412202380952
2021-05-29,30.345238095238095,59.898809523809526,184.41666666666666,0.8154761904761905,35.80773809523809,26.776190476190486,136.41666666666666,173.70833333333334,58.67797619047618,0.19523809523809535,81.80297619047619,30.450892857142858,105.31994047619048,203.24553571428572,0.7157738095238095,38.90119047619048,25.638690476190483,120.92559523809524,190.8467261904762,55.4703869047619,0.23437500000000006,76.7391369047619,30.138392857142854,124.51599702380953,220.0215773809524,0.8180803571428571,34.349851190476194,24.730803571428574,120.96912202380953,209.1529017857143,48.51934523809523,0.16529017857142864,74.43947172619048
2021-06-05,30.488095238095237,104.29166666666667,211.73809523809524,0.5952380952380952,51.31011904761905,26.462500000000006,125.04761904761905,196.86309523809524,64.0660714285714,0.24999999999999994,79.98333333333333,30.852678571428573,106.01488095238096,204.67410714285714,0.6889880952380952,42.78928571428571,26.252529761904768,120.80952380952381,191.15029761904762,59.214285714285715,0.23705357142857145,77.69166666666666,30.420386904761905,118.63764880952382,214.68675595238096,0.7347470238095238,37.83065476190477,25.29181547619048,120.78794642857143,202.3735119047619,52.88965773809524,0.19888392857142861,75.51979166666666
2021-06-12,28.30952380952381,29.220238095238095,120.0952380952381,0.2857142857142857,69.57083333333333,26.18928571428571,100.42857142857143,113.04761904761905,73.0220238095238,0.9244047619047616,88.66369047619048,29.916666666666668,64.16517857142857,167.47321428571428,0.6041666666666667,53.12991071428571,26.33244047619048,117.19791666666666,156.96428571428572,65.10401785714285,0.4590773809523809,81.98541666666667,30.33110119047619,98.23102678571429,196.74627976190476,0.6822916666666666,43.71361607142857,25.767633928571435,119.47135416666667,184.6778273809524,58.02388392857142,0.28768601190476195,77.8203869047619
2021-06-19,28.279761904761905,54.49404761904762,151.66666666666666,0.2261904761904762,52.303571428571416,26.133333333333344,108.71428571428571,141.6547619047619,68.49583333333328,0.8815476190476185,88.41250000000007,29.35565476190476,61.97619047619048,166.97916666666669,0.4806547619047619,52.24806547619047,26.390327380952385,117.65178571428571,156.31845238095238,66.06547619047618,0.5627976190476188,84.71562500000002,30.143973214285715,84.36904761904762,185.59300595238096,0.6223958333333333,46.767113095238095,26.15349702380953,119.14620535714286,173.81994047619048,61.46354166666666,0.3733258928571428,80.28296130952381
2021-06-26,29.857142857142858,62.24404761904762,172.63095238095238,0.39285714285714285,53.103571428571435,26.77261904761906,121.91666666666667,161.5595238095238,66.23095238095239,0.15892857142857142,83.88095238095241,29.233630952380953,62.56250000000001,164.0327380952381,0.375,56.572023809523806,26.389434523809527,114.02678571428571,153.28125,67.95372023809522,0.5537202380952378,85.23511904761907,29.83965773809524,73.6796875,175.78980654761904,0.5372023809523809,51.184821428571425,26.34118303571429,117.42150297619047,164.42857142857142,64.584375,0.4531622023809523,82.40695684523811
2021-07-03,29.44047619047619,27.976190476190474,145.0654761904762,0.8928571428571429,51.69642857142857,26.844047619047615,124.74404761904762,137.44642857142858,69.17857142857144,0.4458333333333333,86.06607142857139,28.97172619047619,43.48363095238095,147.36458333333334,0.4494047619047619,56.66860119047619,26.48482142857143,113.95089285714286,138.42708333333334,69.23184523809523,0.6026785714285712,86.75580357142859,29.36941964285714,58.046875,161.4624255952381,0.4773065476190476,54.65465029761904,26.399255952380955,115.70684523809524,151.24776785714286,67.08876488095237,0.5445684523809522,84.67299107142858
2021-07-10,30.089285714285715,161.75,235.76785714285714,2.0416666666666665,44.39107142857143,26.634523809523817,111.33333333333333,215.28571428571428,64.90416666666667,0.17976190476190487,82.1154761904762,29.416666666666664,76.61607142857142,176.2827380952381,0.8883928571428571,50.37366071428571,26.59613095238096,116.67708333333333,163.98660714285714,67.20238095238095,0.416517857142857,85.11875000000002,29.244419642857142,61.159598214285715,163.66480654761907,0.5483630952380952,53.965587797619044,26.465178571428574,115.5766369047619,153.00334821428572,67.61335565476189,0.5339285714285712,85.45632440476193
2021-07-17,30.226190476190474,103.5,192.8095238095238,2.7976190476190474,62.64999999999995,26.773214285714268,108.74404761904762,179.60714285714286,67.46011904761903,0.19285714285714292,82.32916666666662,29.90327380952381,88.86755952380952,186.5684523809524,1.53125,52.960267857142846,26.75610119047619,116.68452380952381,173.4747023809524,66.94345238095238,0.24434523809523812,83.59791666666666,29.381324404761905,67.88244047619048,168.56212797619048,0.8110119047619048,54.14363839285714,26.556622023809524,115.33482142857143,157.29241071428572,67.83284970238094,0.454315476190476,85.17689732142858
2021-07-24,28.797619047619047,9.529761904761905,104.26785714285714,3.142857142857143,74.96369047619045,26.674404761904764,96.10714285714286,100.18452380952381,75.26190476190474,1.0380952380952384,88.60595238095239,29.638392857142858,75.6889880952381,169.47767857142858,2.21875,58.4252976190476,26.731547619047618,110.23214285714286,158.13095238095238,69.20119047619048,0.46413690476190483,84.77916666666665,29.48251488095238,71.1640625,169.9233630952381,1.2719494047619047,54.60695684523809,26.642150297619047,114.38616071428572,158.5048363095238,68.14471726190476,0.4319196428571428,85.06290922619048
2021-07-31,29.00595238095238,44.458333333333336,150.36904761904762,3.1666666666666665,64.09821428571432,26.338095238095228,113.33333333333333,143.64880952380952,69.73392857142858,0.31845238095238126,85.8375,29.529761904761905,79.80952380952381,170.80357142857142,2.787202380952381,61.525744047619035,26.60505952380952,107.37946428571429,159.68154761904762,69.34002976190476,0.43229166666666685,84.7220238095238,29.62202380952381,80.24553571428571,175.78311011904762,1.8563988095238095,55.821242559523796,26.672209821428574,112.74330357142857,163.81845238095238,68.17176339285714,0.38932291666666674,84.55446428571429
2021-08-07,29.886904761904763,48.642857142857146,149.13690476190476,3.0654761904761907,63.61964285714287,27.184523809523824,105.54166666666667,143.5,71.56190476190477,0.4583333333333335,86.03154761904754,29.479166666666664,51.532738095238095,149.14583333333331,3.043154761904762,66.33288690476189,26.74255952380952,105.93154761904762,141.73511904761904,71.00446428571428,0.501934523809524,85.70104166666664,29.63764880952381,73.97470238095238,168.99888392857144,2.3950892857142856,59.81104910714284,26.708816964285713,110.05691964285714,158.25558035714286,69.12228422619047,0.4106770833333334,84.70003720238094
2021-08-14,29.19047619047619,20.261904761904763,143.22619047619048,2.7857142857142856,67.24940476190476,26.830952380952393,125.86904761904762,138.32142857142858,69.76011904761901,0.4339285714285714,87.32738095238099,29.220238095238095,30.72321428571429,136.75,3.0401785714285716,67.48273809523809,26.756994047619052,110.21279761904762,131.41369047619048,71.57946428571428,0.5622023809523811,86.95059523809522,29.46688988095238,59.43861607142858,156.54427083333331,2.772321428571429,63.441666666666656,26.709040178571424,108.4389880952381,147.74032738095238,70.28128720238095,0.4901413690476192,85.53820684523808
2021-08-21,29.511904761904763,108.85119047619048,192.25595238095238,2.392857142857143,55.989880952380936,26.658333333333335,108.29166666666667,186.47619047619048,65.70059523809527,0.33095238095238105,84.84226190476191,29.398809523809522,55.55357142857143,158.74702380952382,2.852678571428571,62.73928571428572,26.752976190476193,113.25892857142857,152.98660714285714,69.18913690476191,0.38541666666666674,86.0096726190476,29.406994047619044,54.404761904761905,153.86160714285714,2.9308035714285716,64.52016369047618,26.71439732142857,109.19568452380952,146.45424107142856,70.2782738095238,0.47046130952380966,85.84583333333332
2021-08-28,29.267857142857142,119.4047619047619,187.77380952380952,1.9107142857142858,53.15238095238095,26.56666666666667,97.16666666666667,184.67261904761904,64.30476190476195,0.2291666666666668,85.90416666666667,29.464285714285715,74.29017857142858,168.09821428571428,2.5386904761904763,60.002827380952375,26.810119047619057,109.21726190476191,163.24255952380952,67.83184523809526,0.3630952380952381,86.02633928571429,29.390625,53.024925595238095,153.18526785714286,2.8686755952380953,64.13943452380951,26.765662202380955,109.65513392857143,147.34449404761904,69.90122767857143,0.45316220238095245,86.17191220238094
2021-09-04,29.25595238095238,89.25,180.96428571428572,1.3154761904761905,50.508333333333354,26.497023809523814,113.0297619047619,179.20833333333334,63.89999999999997,0.4571428571428572,85.66011904761908,29.30654761904762,84.44196428571428,176.05505952380952,2.1011904761904763,56.724999999999994,26.638244047619054,111.08928571428571,172.16964285714286,65.91636904761906,0.36279761904761904,85.93348214285716,29.347470238095237,61.252232142857146,159.9125744047619,2.633184523809524,61.737462797619045,26.73958333333334,110.94456845238095,154.953125,68.62920386904761,0.41837797619047623,86.23002232142856
2021-09-11,28.339285714285715,53.351190476190474,132.21428571428572,0.6488095238095238,69.76547619047624,25.910714285714292,92.41666666666667,131.4702380952381,67.8172619047619,0.5065476190476191,87.01190476190472,29.09375,92.71428571428571,173.30208333333334,1.5669642857142856,57.35401785714287,26.408184523809528,102.72619047619048,170.45684523809524,65.43065476190478,0.380952380952381,85.85461309523808,29.315848214285715,76.75,169.05059523809524,2.264880952380952,59.20528273809524,26.65238095238096,109.07291666666667,164.7139136904762,67.09200148809525,0.3730654761904762,85.95602678571429
2021-09-18,27.75,24.86904761904762,96.32142857142857,-0.011904761904761904,71.0666666666667,26.031547619047643,79.99404761904762,95.08928571428571,67.62916666666666,0.8964285714285714,90.40535714285723,28.65327380952381,71.71875,149.31845238095238,0.9657738095238095,61.12321428571431,26.251488095238106,95.65178571428572,147.61011904761907,65.91279761904762,0.5223214285714286,87.24538690476193,29.12946428571429,80.79129464285714,166.69345238095238,1.7931547619047619,58.80126488095239,26.527008928571433,104.67113095238096,163.36979166666669,66.27291666666667,0.40729166666666666,86.26495535714287
2021-09-25,28.488095238095237,79.95833333333333,139.67261904761904,-0.5892857142857143,59.071428571428584,26.05773809523808,81.64285714285714,143.7202380952381,62.868452380952355,0.45297619047619003,87.0130952380952,28.458333333333336,61.857142857142854,137.29315476190476,0.34077380952380953,62.60297619047623,26.124255952380956,91.77083333333333,137.37202380952382,65.55372023809522,0.5782738095238094,87.52261904761906,28.87797619047619,77.68303571428571,158.9921875,1.2436755952380951,59.45130208333335,26.35554315476191,100.30952380952381,156.90215773809524,65.70338541666668,0.46108630952380947,86.63902529761906
2021-10-02,29.36904761904762,92.88690476190476,167.63095238095238,-1.2261904761904763,41.975595238095245,26.52678571428572,99.99404761904762,174.82142857142858,57.345238095238074,0.224404761904762,85.00000000000003,28.486607142857146,62.766369047619044,133.95982142857142,-0.29464285714285715,60.469791666666694,26.131696428571434,88.51190476190476,136.27529761904762,63.915029761904755,0.5200892857142856,87.3575892857143,28.672991071428573,72.2641369047619,148.46837797619048,0.6447172619047619,60.387500000000024,26.228906250000005,94.66517857142857,147.92857142857144,65.2030505952381,0.5004092261904761,86.99505208333335
2021-10-09,29.708333333333332,59.69047619047619,153.20833333333334,-1.6964285714285714,41.817857142857136,26.52738095238095,108.46428571428571,158.6904761904762,54.73035714285712,0.04285714285714285,83.81488095238095,28.828869047619047,64.35119047619047,139.20833333333334,-0.8809523809523809,53.48288690476192,26.2858630952381,92.52380952380952,143.08035714285717,60.643303571428554,0.4041666666666665,86.55833333333334,28.606770833333336,65.17336309523809,139.94494047619048,0.03273809523809523,59.419717261904786,26.19832589285715,92.11458333333333,141.08444940476193,64.00621279761904,0.5062127976190475,87.17098214285716
2021-10-16,27.696428571428573,77.76190476190476,125.60119047619048,-2.0952380952380953,60.76190476190478,25.52142857142856,70.9047619047619,135.51190476190476,61.82142857142856,0.8029761904761908,88.54404761904762,28.81547619047619,77.57440476190476,146.5282738095238,-1.4017857142857144,50.906696428571436,26.158333333333328,90.2514880952381,153.18601190476193,59.19136904761903,0.38080357142857135,86.09300595238095,28.64732142857143,66.63727678571428,139.24739583333331,-0.5591517857142858,56.86558779761907,26.175037202380956,90.76450892857142,142.47842261904765,62.32585565476189,0.4708333333333332,86.8828869047619
2021-10-23,27.428571428571427,72.32738095238095,144.23214285714286,-2.3452380952380953,26.449404761904752,23.79404761904761,94.00595238095238,154.625,39.152976190476195,0.022023809523809536,81.74523809523811,28.550595238095237,75.66666666666666,147.66815476190476,-1.8407738095238098,42.75119047619047,25.59241071428571,93.3422619047619,155.91220238095238,53.26249999999999,0.2730654761904763,84.77604166666667,28.670386904761905,70.08965773809524,141.84114583333334,-1.1045386904761905,51.90264136904763,26.04207589285714,91.15736607142857,147.11346726190476,59.25305059523808,0.39453124999999994,86.19624255952381
2021-10-30,25.61904761904762,135.92261904761904,180.52380952380952,-2.4523809523809526,12.620238095238099,20.545833333333327,91.11904761904762,205.63690476190476,27.824999999999996,0.0,74.98690476190478,27.613095238095237,86.42559523809524,150.89136904761904,-2.147321428571429,35.412351190476194,24.097172619047612,91.12351190476191,163.61607142857144,45.88244047619047,0.21696428571428578,82.27276785714287,28.452008928571427,76.00446428571428,146.07403273809524,-1.5677083333333335,45.638281250000006,25.533444940476187,91.81026785714286,153.94866071428572,54.744903273809506,0.31875,84.92503720238095
2021-11-06,24.166666666666668,144.7202380952381,180.79166666666666,-2.3392857142857144,5.336309523809525,18.754761904761896,90.31547619047619,210.48809523809524,22.63988095238096,0.0,73.78630952380956,26.227678571428573,107.68303571428571,157.78720238095238,-2.3080357142857144,26.291964285714286,22.154017857142847,86.58630952380952,176.56547619047618,37.85982142857143,0.20625000000000004,79.76562500000001,27.80171130952381,86.83742559523809,150.71875,-1.9244791666666667,38.8405505952381,24.500483630952374,90.32589285714286,162.31994047619048,49.04903273809522,0.26927083333333335,83.22686011904761
2021-11-13,23.089285714285715,66.52380952380952,110.02380952380952,-2.113095238095238,38.30714285714286,20.010714285714283,67.79761904761905,123.88095238095238,40.38869047619048,0.2779761904761905,83.8619047619048,25.075892857142858,104.8735119047619,153.89285714285714,-2.3125,20.67827380952381,20.77633928571428,85.80952380952381,173.6577380952381,32.50163690476191,0.07499999999999996,78.59508928571432,26.866815476190474,93.66220238095238,152.55989583333334,-2.152157738095238,31.28344494047619,23.15498511904761,89.21540178571429,167.43787202380952,42.37659970238094,0.1928199404761905,81.35238095238097
2021-11-20,24.49404761904762,85.875,141.02380952380952,-1.6845238095238095,13.909523809523813,20.28392857142858,86.38690476190476,160.54761904761904,33.018452380952375,0.005952380952380952,78.7625,24.342261904761905,108.26041666666666,153.0907738095238,-2.147321428571429,17.543303571428574,19.898809523809522,83.90476190476191,175.13839285714286,30.96800595238095,0.0709821428571428,77.8494047619048,25.814732142857142,101.81063988095238,153.91555059523807,-2.2287946428571432,24.981473214285714,21.731584821428566,86.85602678571429,172.24441964285714,36.80297619047619,0.14229910714285715,79.6207217261905
2021-11-27,21.904761904761905,146.76190476190476,163.51785714285714,-1.1130952380952381,7.617261904761902,17.185714285714294,76.73809523809524,199.42857142857142,17.911309523809514,0.0,76.70238095238096,23.413690476190478,110.97023809523809,148.8392857142857,-1.8125000000000002,16.292559523809523,19.058779761904763,80.30952380952381,173.58630952380952,28.489583333333332,0.0709821428571428,78.27827380952384,24.764880952380956,107.94680059523807,153.40252976190476,-2.145089285714286,20.20152529761905,20.471986607142853,84.15252976190476,174.73697916666666,32.45476190476191,0.1058035714285714,78.62209821428574
2021-12-04,21.886904761904763,23.05952380952381,70.18452380952381,-0.44047619047619047,58.56607142857141,19.676190476190477,55.75595238095238,74.72619047619048,40.89107142857143,0.883928571428571,87.93928571428576,22.84375,80.55505952380952,121.1875,-1.337797619047619,29.599999999999994,19.289136904761907,71.66964285714286,139.64583333333334,33.05238095238095,0.29196428571428557,81.81651785714288,23.91889880952381,101.16480654761904,144.25260416666666,-1.902529761904762,21.028534226190473,19.755766369047617,80.4233630952381,165.50706845238096,31.252901785714286,0.1272321428571428,79.13482142857146
2021-12-11,19.827380952380953,69.95238095238095,128.29166666666666,0.017857142857142856,14.211904761904762,15.582142857142856,85.67857142857143,145.98809523809524,17.299999999999994,0.0017857142857142857,78.4363095238095,22.02827380952381,81.41220238095238,125.75446428571428,-0.8050595238095238,23.576190476190476,18.18199404761905,76.13988095238096,145.17261904761904,27.280208333333327,0.22291666666666649,80.46011904761906,23.15699404761905,95.29947916666666,137.21800595238096,-1.525669642857143,21.75301339285714,19.10718005952381,78.00595238095238,158.3857886904762,29.94754464285714,0.1642113095238094,79.60107886904764
2021-12-18,17.202380952380953,107.7797619047619,146.11904761904762,0.13690476190476192,8.324404761904763,12.130952380952376,83.10714285714286,174.5,13.739880952380949,0.0,74.33988095238097,20.205357142857146,86.88839285714286,127.0282738095238,-0.34970238095238093,22.17991071428571,16.14375,75.31994047619048,148.66071428571428,22.460565476190474,0.22142857142857125,79.3544642857143,22.122767857142858,89.95647321428572,130.70238095238093,-1.076264880952381,22.912165178571428,18.16841517857143,75.85974702380952,151.76636904761904,27.820684523809522,0.20182291666666652,79.97734375000002
2021-12-25,19.714285714285715,40.48809523809524,103.68452380952381,0.27380952380952384,22.898809523809536,15.951190476190478,80.21428571428571,112.78571428571429,25.721428571428586,0.002380952380952381,80.6214285714286,19.657738095238095,60.319940476190474,112.06994047619048,-0.0029761904761904656,26.00029761904762,15.835119047619045,76.1889880952381,127.0,24.413095238095238,0.22202380952380935,80.33422619047622,21.183779761904766,77.29389880952381,121.51004464285714,-0.6238839285714286,25.33909970238095,17.3625,74.8296130952381,140.11979166666666,26.8015625,0.23958333333333315,80.49133184523811
2022-01-01,17.696428571428573,128.13690476190476,154.5654761904762,0.8809523809523809,8.152380952380957,13.819642857142856,79.53571428571429,188.11309523809524,17.67797619047618,0.0,79.34940476190475,18.610119047619047,86.58928571428571,133.16517857142856,0.3273809523809524,13.396875000000005,14.370982142857143,82.13392857142857,155.3467261904762,18.60982142857143,0.0010416666666666111,78.18675595238095,20.125372023809526,78.80245535714286,124.50446428571428,-0.2075892857142857,21.288318452380953,16.13296130952381,77.44568452380953,144.04501488095238,23.19092261904762,0.16685267857142844,79.58389136904763
2022-01-08,20.386904761904763,85.00595238095238,124.55952380952381,2.4047619047619047,34.036904761904744,16.748214285714287,73.68452380952381,145.60119047619048,28.485714285714288,0.05476190476190477,81.01607142857142,18.75,90.35267857142858,132.23214285714286,0.9241071428571428,18.353125,14.662499999999998,79.13541666666667,155.25,21.40625,0.014285714285714231,78.83169642857143,19.305803571428573,81.0375744047619,126.12388392857142,0.22470238095238096,19.98255208333333,15.253087797619045,78.19456845238096,146.56436011904762,21.72243303571429,0.11469494047619036,79.17678571428573
2022-01-15,17.511904761904763,81.68452380952381,129.72619047619048,3.607142857142857,20.237499999999994,13.674404761904762,79.70833333333333,149.4404761904762,19.76071428571428,0.0369047619047619,79.37678571428562,18.827380952380953,83.82886904761905,128.13392857142858,1.7916666666666667,21.331398809523808,15.048363095238095,78.28571428571428,148.98511904761907,22.911458333333336,0.023511904761904706,80.0909226190476,18.961309523809526,80.27269345238095,126.40029761904762,0.7600446428571428,19.77042410714286,14.97924107142857,78.9360119047619,146.64546130952382,21.83515625,0.06521577380952373,79.36090029761905
2022-01-22,19.06547619047619,22.386904761904763,91.69642857142857,4.392857142857143,33.95892857142859,16.232738095238098,77.48809523809524,94.95833333333333,25.783928571428564,0.06785714285714282,84.76845238095237,18.665178571428573,79.30357142857143,125.13690476190476,2.8214285714285716,24.096428571428568,15.11875,77.60416666666666,144.52827380952382,22.92708333333333,0.039880952380952316,81.12767857142853,18.713169642857142,85.01860119047619,129.6670386904762,1.4661458333333335,19.294456845238095,14.800148809523808,79.28980654761904,151.0275297619048,21.463653273809523,0.019680059523809468,79.55926339285713
2022-01-29,18.916666666666668,128.3452380952381,169.08928571428572,4.863095238095238,11.541071428571426,13.797023809523804,87.32738095238095,197.2797619047619,17.150000000000002,0.008333333333333335,74.77678571428575,18.970238095238095,79.35565476190476,128.76785714285714,3.8169642857142856,24.943601190476187,15.113095238095237,79.55208333333333,146.81994047619048,22.795089285714283,0.04196428571428565,79.9845238095238,18.803199404761905,83.21019345238096,128.56770833333334,2.338541666666667,22.18113839285714,14.985677083333332,78.64434523809524,148.89583333333334,22.509970238095235,0.029910714285714228,80.00870535714284
2022-02-05,19.154761904761905,99.94642857142857,139.3095238095238,5.119047619047619,22.93035714285715,15.286904761904767,75.11309523809524,159.1904761904762,20.84880952380952,0.1386904761904762,80.17678571428571,18.66220238095238,83.09077380952381,132.45535714285714,4.495535714285714,22.166964285714286,14.747767857142858,79.90922619047619,150.21726190476193,20.885863095238093,0.06294642857142851,79.77470238095236,18.78125,81.39471726190476,128.6235119047619,3.2313988095238098,23.134598214285713,15.006994047619049,78.83779761904762,147.63764880952382,22.37987351190476,0.0420758928571428,80.24445684523808
2022-02-12,19.297619047619047,170.0,202.60714285714286,5.196428571428571,6.58214285714286,13.08571428571428,91.75,233.88095238095238,13.484523809523818,0.0,70.28750000000001,19.108630952380953,105.16964285714286,150.67559523809524,4.892857142857143,18.753125000000004,14.600595238095238,82.91964285714286,171.32738095238096,19.316815476190477,0.053720238095238036,77.50238095238096,18.8515625,86.72991071428572,134.25892857142856,4.006696428571429,22.49002976190476,14.895052083333333,79.99627976190476,153.2232142857143,21.481212797619044,0.04962797619047613,79.5973214285714
2022-02-19,22.214285714285715,116.33333333333333,173.98809523809524,5.148809523809524,20.257738095238093,17.164285714285718,94.05357142857143,192.42261904761904,22.12440476190476,0.07916666666666665,76.3,19.895833333333336,128.65625,171.2485119047619,5.081845238095238,15.32782738095238,14.833482142857143,87.0610119047619,195.69345238095238,18.401934523809526,0.056547619047618985,75.38526785714286,19.15922619047619,99.06808035714286,145.78683035714286,4.571800595238095,20.297879464285714,14.823735119047619,82.36049107142857,166.01450892857144,20.349925595238094,0.0537946428571428,78.16171874999999
2022-02-26,24.583333333333332,114.73214285714286,179.82738095238096,4.928571428571429,18.597023809523808,19.028571428571443,97.01190476190476,195.79761904761904,26.79285714285714,0.04047619047619048,73.53392857142856,21.3125,125.25297619047619,173.93303571428572,5.098214285714286,17.091815476190476,16.14136904761905,89.48214285714286,195.32291666666669,20.81264880952381,0.06458333333333327,75.07455357142857,19.744791666666664,110.54241071428572,157.078125,4.892113095238096,18.334933035714286,15.080803571428572,84.84300595238096,178.14025297619048,19.85431547619048,0.0594494047619047,76.93422619047618
2022-03-05,25.464285714285715,197.08928571428572,235.26190476190476,4.5773809523809526,6.632142857142859,17.257738095238096,93.73809523809524,259.1488095238095,18.688095238095237,0.0,63.373809523809506,22.889880952380956,149.53869047619048,197.92113095238096,4.962797619047619,13.017261904761902,16.634077380952384,94.13839285714286,220.3125,20.272470238095238,0.029910714285714228,70.87380952380953,20.80171130952381,127.1543898809524,173.44456845238096,5.008928571428571,16.047507440476192,15.552380952380954,88.40029761904762,195.6640625,19.700967261904765,0.051190476190476134,74.70900297619048
2022-03-12,27.136904761904763,202.83333333333334,243.97619047619048,4.130952380952381,7.9553571428571415,18.713095238095246,95.42857142857143,263.79761904761904,20.01666666666666,0.0,63.68511904761906,24.849702380952383,157.74702380952382,208.26339285714286,4.696428571428572,13.360565476190473,18.040922619047628,95.05803571428571,227.79166666666666,21.90550595238095,0.029910714285714228,69.22321428571428,22.236979166666668,140.29873511904762,187.8415178571429,4.959821428571429,14.699367559523807,16.41246279761905,91.43489583333333,209.78013392857142,20.34813988095238,0.045238095238095175,72.6392113095238
2022-03-19,28.86904761904762,153.61904761904762,223.97619047619048,3.607142857142857,13.42738095238096,22.639285714285716,107.50595238095238,235.11904761904762,26.854761904761908,0.004761904761904762,72.35952380952381,26.513392857142858,167.06845238095238,220.76041666666669,4.311011904761905,11.65297619047619,19.409672619047626,98.42113095238096,238.4657738095238,23.088095238095235,0.011309523809523755,68.23809523809523,23.89136904761905,149.90178571428572,200.21949404761907,4.767113095238095,13.78065476190476,17.556510416666672,94.2749255952381,220.47321428571428,21.519680059523807,0.03392857142857137,70.85241815476189
2022-03-26,29.803571428571427,78.92261904761905,188.17261904761904,3.0654761904761907,29.97083333333333,25.22559523809522,126.26785714285714,189.63095238095238,34.77738095238096,0.010714285714285718,78.1720238095238,27.81845238095238,158.11607142857144,222.8467261904762,3.845238095238096,14.49642857142857,20.95892857142857,105.73511904761904,236.92410714285714,25.08422619047619,0.0038690476190475645,69.39761904761905,25.517857142857146,158.11755952380952,212.44791666666669,4.453869047619048,13.131808035714284,18.760900297619052,98.33816964285714,230.8735119047619,22.587574404761902,0.018749999999999944,69.43318452380952
2022-04-02,29.333333333333332,75.13095238095238,197.50595238095238,2.517857142857143,28.98095238095237,25.124404761904753,139.1904761904762,196.14285714285714,36.40773809523811,0.0005952380952380953,78.77202380952386,28.785714285714285,127.6264880952381,213.40773809523807,3.3303571428571432,20.08363095238095,22.925595238095234,117.09821428571429,221.17261904761904,29.514136904761912,0.004017857142857089,73.24717261904763,26.991815476190474,152.63950892857144,216.31956845238096,4.045758928571429,14.898400297619046,20.333779761904765,104.078125,231.08854166666666,24.89799107142857,0.012276785714285659,70.02652529761905
2022-04-09,30.208333333333332,162.53571428571428,245.02380952380952,1.994047619047619,14.928571428571423,25.864285714285714,118.23809523809524,244.94642857142858,40.666666666666664,0.022619047619047622,78.39523809523813,29.553571428571427,117.55208333333333,213.66964285714283,2.796130952380952,21.82693452380952,24.71339285714285,122.80059523809524,216.45982142857144,34.67663690476191,0.009672619047618994,76.9247023809524,28.167782738095237,142.5907738095238,217.67113095238093,3.570684523809524,17.014992559523808,22.001897321428572,111.01376488095238,228.25558035714286,28.09077380952381,0.0072172619047618505,71.95189732142858
2022-04-16,30.63095238095238,114.3452380952381,229.875,1.5178571428571428,18.858928571428585,25.876190476190477,140.9047619047619,225.45238095238096,40.40178571428572,0.006547619047619047,76.77261904761907,29.994047619047617,107.73363095238096,215.14434523809524,2.2738095238095237,23.184821428571425,25.52261904761904,131.15029761904762,214.04315476190476,38.063392857142865,0.010119047619047564,78.02797619047621,29.037946428571427,127.75706845238096,216.26711309523807,3.061383928571429,19.89795386904762,23.530133928571423,119.19605654761904,222.14992559523807,31.83459821428572,0.006919642857142803,74.39936755952382
2022-04-23,31.803571428571427,146.2797619047619,244.92857142857142,1.1547619047619047,9.807738095238093,26.260119047619042,128.51190476190476,237.61309523809524,39.12678571428571,0.002976190476190476,74.88809523809519,30.494047619047617,124.57291666666667,229.33333333333331,1.796130952380952,18.14404761904762,25.781249999999996,131.71130952380952,226.03869047619048,39.15074404761905,0.008184523809523754,77.20699404761906,29.706845238095237,119.37127976190476,217.88876488095238,2.5491071428571432,20.80985863095238,24.73571428571428,125.69010416666666,219.42857142857144,35.35122767857143,0.00799851190476185,76.35171130952382
2022-04-30,29.333333333333332,63.69047619047619,195.44642857142858,0.8511904761904762,31.263095238095225,24.888095238095225,146.26190476190476,187.82142857142858,47.05178571428573,0.169047619047619,77.77321428571429,30.494047619047617,121.71279761904762,228.8184523809524,1.3794642857142856,18.71458333333333,25.722172619047615,133.47916666666666,223.95833333333334,41.811755952380956,0.05029761904761898,76.95729166666666,30.13392857142857,117.89285714285715,221.74144345238093,2.0613839285714284,20.46759672619047,25.434858630952373,129.78534226190476,220.125,38.42563244047619,0.019568452380952322,77.27924107142859
2022-05-07,29.321428571428573,96.47619047619048,200.9345238095238,0.7142857142857143,30.00476190476191,25.482738095238098,124.79761904761905,191.07142857142858,53.65416666666668,0.28095238095238106,80.82559523809525,30.272321428571427,105.19791666666667,217.79613095238093,1.0595238095238095,22.483630952380953,25.62678571428571,135.11904761904762,210.48958333333337,45.05863095238096,0.11488095238095233,77.56488095238095,30.31361607142857,114.80431547619048,222.77306547619048,1.6272321428571426,20.63177083333333,25.663206845238093,132.86495535714286,218.63244047619048,41.02113095238096,0.045870535714285655,77.43928571428572
2022-05-14,30.916666666666668,76.625,206.27380952380952,0.6428571428571429,41.40238095238095,26.4154761904762,144.04166666666666,195.79761904761904,53.10952380952382,0.0017857142857142859,77.51607142857142,30.34375,95.76785714285714,211.89583333333334,0.8407738095238095,28.119494047619042,25.76160714285714,135.9032738095238,203.0758928571429,48.23556547619049,0.11369047619047615,77.75074404761904,30.401041666666664,111.81287202380952,221.9609375,1.2689732142857144,21.865438988095235,25.722953869047615,134.0531994047619,215.890625,43.56417410714286,0.07176339285714281,77.36997767857143
2022-05-21,30.00595238095238,77.92261904761905,201.21428571428572,0.7083333333333334,33.77738095238095,25.275595238095235,137.4345238095238,189.83333333333334,50.269642857142856,0.09285714285714282,76.97321428571425,29.894345238095237,78.67857142857143,200.96726190476193,0.7291666666666667,34.11190476190476,25.51547619047619,138.13392857142856,191.13095238095238,51.02127976190477,0.13616071428571422,78.2720238095238,30.25111607142857,100.33928571428572,214.86941964285717,1.0022321428571428,25.85740327380952,25.656510416666663,135.65885416666666,207.1636904761905,46.53180803571429,0.10375744047619041,77.63623511904761
2022-05-28,30.839285714285715,44.345238095238095,173.97619047619048,0.7976190476190477,49.73452380952382,26.011309523809523,136.36309523809524,165.23214285714286,57.0380952380952,0.11249999999999995,76.88571428571429,30.270833333333336,73.8422619047619,195.59970238095235,0.7157738095238095,38.72976190476191,25.796279761904763,135.65922619047618,185.48363095238096,53.51785714285714,0.12202380952380945,78.0501488095238,30.1953125,88.37165178571428,206.56473214285714,0.8363095238095238,30.86119791666667,25.675037202380953,136.20386904761904,197.5450148809524,49.458333333333336,0.12168898809523804,77.9094494047619
2022-06-04,31.428571428571427,37.708333333333336,186.95238095238096,0.6607142857142857,39.67976190476189,26.758928571428562,156.4345238095238,177.5654761904762,54.70773809523811,0.01845238095238096,77.01845238095245,30.797619047619047,59.15029761904762,192.10416666666669,0.7023809523809523,41.148511904761904,26.11532738095238,143.56845238095235,182.10714285714283,53.78125,0.056398809523809434,77.0983630952381,30.326636904761905,76.85974702380952,200.14174107142856,0.7470238095238095,35.527418154761904,25.79717261904762,138.31622023809524,190.44940476190476,51.6389880952381,0.1070684523809523,77.79281994047618
2022-06-11,31.160714285714285,38.267857142857146,157.39880952380952,0.2857142857142857,53.1089285714286,26.717857142857138,125.83333333333333,148.85714285714286,61.84107142857143,0.06249999999999998,78.07797619047615,30.858630952380953,49.561011904761905,179.88541666666669,0.6130952380952381,44.07514880952382,26.190922619047615,139.01636904761904,170.3720238095238,55.9641369047619,0.07157738095238086,77.23883928571428,30.455357142857146,65.30803571428572,192.13913690476193,0.6901041666666667,39.5163318452381,25.90450148809524,139.09449404761904,182.2734375,53.571130952380955,0.09654017857142849,77.66484374999999
2022-06-18,29.196428571428573,55.595238095238095,175.2202380952381,0.23809523809523808,52.89880952380951,26.04464285714285,133.0952380952381,164.08333333333334,65.61130952380954,0.3309523809523812,83.65178571428574,30.65625,43.97916666666667,173.38690476190476,0.4955357142857143,48.85550595238095,26.38318452380952,137.93154761904762,163.93452380952382,59.79955357142857,0.13110119047619045,78.90848214285715,30.645833333333336,56.633184523809526,185.24404761904765,0.6316964285714285,43.20223214285714,26.12142857142857,139.0438988095238,175.47433035714286,55.765699404761904,0.09527529761904754,77.82395833333334
2022-06-25,29.827380952380953,140.7797619047619,213.17261904761904,0.34523809523809523,40.81607142857143,26.495833333333334,108.69047619047619,193.10714285714286,65.35238095238094,0.3035714285714288,82.81190476190474,30.403273809523807,68.08779761904762,183.18601190476193,0.38244047619047616,46.62589285714286,26.50431547619047,131.01339285714286,170.90327380952382,61.878125000000004,0.1788690476190477,80.39002976190477,30.67894345238095,55.194568452380956,182.140625,0.5483630952380952,45.17626488095238,26.298437499999995,137.88244047619048,171.82924107142856,57.85576636904762,0.10948660714285713,78.40892857142858
2022-07-02,29.636904761904763,90.20833333333333,173.54166666666666,0.7976190476190477,55.21011904761903,26.736904761904757,98.27380952380952,160.9345238095238,68.80654761904763,0.3035714285714291,84.79226190476192,29.955357142857146,81.21279761904762,179.83333333333334,0.41666666666666663,50.50848214285715,26.49880952380952,116.47321428571429,166.74553571428572,65.40282738095239,0.2501488095238097,82.33348214285714,30.468377976190478,60.710193452380956,179.07291666666666,0.47693452380952384,47.516257440476195,26.394308035714282,131.10863095238096,167.98883928571428,60.761160714285715,0.15792410714285718,79.71770833333333
2022-07-09,29.863095238095237,91.66666666666667,201.25595238095238,1.869047619047619,51.01011904761903,26.443452380952376,127.16666666666667,187.47619047619048,65.3577380952381,0.18273809523809537,82.14761904761902,29.63095238095238,94.5625,190.79761904761907,0.8125,49.98377976190475,26.43020833333333,116.80654761904762,176.40029761904762,66.28199404761905,0.28020833333333356,83.35089285714285,30.161458333333336,71.96056547619048,181.80096726190476,0.5267857142857143,48.99341517857143,26.45412946428571,125.5561755952381,169.49590773809524,63.340625,0.21008184523809537,81.24572172619048
2022-07-16,30.035714285714285,78.00595238095238,184.13095238095238,2.7202380952380953,52.60178571428574,26.599999999999994,125.2797619047619,171.98809523809524,67.87559523809523,0.14583333333333331,82.11130952380951,29.84077380952381,100.16517857142857,193.0252976190476,1.4330357142857144,49.90952380952381,26.569047619047616,114.85267857142857,178.37648809523807,66.84806547619047,0.2339285714285716,82.9657738095238,29.95758928571429,86.00706845238095,186.71056547619048,0.7611607142857143,49.25691964285714,26.500595238095233,119.78645833333334,173.1063988095238,65.10275297619047,0.23578869047619067,82.26004464285714
2022-07-23,28.898809523809526,78.6547619047619,163.79166666666666,3.113095238095238,63.842857142857156,26.28928571428571,100.16071428571429,153.89285714285714,66.04940476190475,0.2761904761904763,85.97321428571429,29.608630952380953,84.63392857142856,180.68005952380952,2.125,55.666220238095235,26.51741071428571,112.72023809523809,168.57291666666669,67.02232142857143,0.22708333333333347,83.75610119047619,29.758928571428573,90.14360119047618,186.08407738095235,1.1968005952380953,51.51700148809523,26.503869047619045,115.21316964285714,172.52380952380952,66.38880208333333,0.24784226190476208,83.1015625
2022-07-30,30.047619047619047,65.43452380952381,170.52380952380952,3.1785714285714284,61.99999999999998,26.975595238095252,119.76190476190476,161.4702380952381,65.68571428571431,0.31785714285714306,84.17083333333339,29.711309523809522,78.44047619047619,179.92559523809524,2.720238095238095,57.36369047619048,26.577083333333334,118.0922619047619,168.70684523809524,66.2421130952381,0.23065476190476197,83.60074404761905,29.697916666666664,89.45052083333333,186.10714285714286,1.7726934523809523,53.230803571428574,26.523437499999996,115.61793154761905,173.0141369047619,66.59862351190476,0.24296875000000015,83.41837797619047
2022-08-06,28.636904761904763,42.92261904761905,152.61904761904762,3.0833333333333335,62.9386904761905,26.161309523809514,117.39285714285714,146.24404761904762,69.5255952380952,0.49523809523809514,86.82142857142858,29.404761904761905,66.25446428571428,167.76636904761904,3.0238095238095237,60.345833333333346,26.506547619047616,115.64880952380953,158.39880952380952,67.28407738095237,0.30877976190476186,84.76919642857145,29.641369047619047,82.3735119047619,180.34933035714283,2.325520833333333,55.821316964285714,26.542522321428567,115.32849702380952,168.51376488095238,66.8491443452381,0.25011160714285724,83.77295386904763
2022-08-13,29.458333333333332,94.20238095238095,179.375,2.8273809523809526,57.151190476190486,26.60059523809524,105.47619047619048,172.22619047619048,65.46904761904767,0.37976190476190497,85.21726190476188,29.260416666666664,70.30357142857142,166.57738095238096,3.050595238095238,61.48318452380953,26.50669642857143,110.69791666666667,158.45833333333334,66.6824404761905,0.3672619047619048,85.54568452380954,29.49627976190476,74.90811011904762,173.7373511904762,2.7299107142857144,58.714732142857144,26.526934523809523,114.28980654761905,163.5342261904762,66.80773809523811,0.2834449404761905,84.41793154761905
2022-08-20,28.86904761904762,58.26190476190476,151.48214285714286,2.4761904761904763,57.892857142857174,26.341071428571414,102.92261904761905,147.33928571428572,64.09523809523805,0.4821428571428574,86.61488095238096,29.25297619047619,65.20535714285714,163.5,2.8913690476190474,59.99568452380954,26.519642857142856,111.38839285714286,156.81994047619048,66.1938988095238,0.41875000000000007,85.7061011904762,29.40736607142857,70.05096726190476,169.4423363095238,2.9215029761904763,59.797098214285725,26.527492559523807,113.95684523809524,160.59598214285714,66.60063244047619,0.3313616071428572,84.90543154761906
2022-08-27,30.357142857142858,103.21428571428571,197.77380952380952,1.9642857142857142,49.79404761904764,26.84285714285715,118.35714285714286,194.03571428571428,60.50535714285712,0.08809523809523803,81.92559523809524,29.330357142857142,74.65029761904762,170.3125,2.587797619047619,56.94419642857145,26.48645833333333,111.03720238095238,164.96130952380952,64.89880952380952,0.3613095238095238,85.14479166666666,29.312127976190474,69.10342261904762,167.0390625,2.888392857142857,59.69222470238096,26.504836309523807,112.19308035714286,159.65959821428572,66.26480654761905,0.3640252976190476,85.29144345238096
2022-09-03,30.113095238095237,126.10119047619048,198.85119047619048,1.4047619047619047,54.11309523809523,26.795833333333338,101.41071428571429,198.16071428571428,64.03988095238093,0.38750000000000007,82.98333333333332,29.699404761904763,95.44494047619047,181.8705357142857,2.168154761904762,54.737797619047626,26.64508928571429,107.04166666666667,177.94047619047618,63.52738095238094,0.33437500000000003,84.18526785714285,29.38578869047619,76.40104166666666,170.56510416666666,2.6744791666666665,58.290215773809535,26.539471726190477,110.04129464285714,164.54501488095238,65.32563244047618,0.37042410714285723,85.14546130952381
2022-09-10,27.81547619047619,15.071428571428571,91.93452380952381,0.7678571428571429,79.80952380952381,25.99880952380952,79.35714285714286,89.95833333333333,67.15119047619048,0.670238095238095,89.90178571428574,29.288690476190478,75.66220238095237,160.01041666666669,1.6532738095238093,60.40238095238096,26.494642857142853,100.51190476190476,157.3735119047619,63.94791666666664,0.40699404761904756,85.35639880952381,29.392857142857146,77.7406994047619,168.9233630952381,2.3251488095238093,58.02001488095239,26.536458333333332,107.49479166666666,164.27380952380952,64.64200148809522,0.38035714285714284,85.09813988095237
2022-09-17,29.035714285714285,67.25,147.98809523809524,0.06547619047619048,50.77321428571428,26.407142857142844,99.95833333333333,149.0595238095238,62.8857142857143,0.2886904761904764,86.07261904761907,29.33035714285714,77.90922619047618,159.13690476190476,1.050595238095238,58.62247023809524,26.51116071428571,99.77083333333334,157.80357142857142,63.64553571428571,0.3586309523809523,85.22083333333335,29.41220238095238,80.91666666666666,167.83258928571428,1.864955357142857,57.67671130952382,26.534337797619045,104.59040178571429,164.51971726190476,64.0049107142857,0.36532738095238093,84.97682291666666
2022-09-24,29.5,135.6547619047619,201.42261904761904,-0.5059523809523809,45.40476190476191,26.35357142857144,101.14880952380952,210.45833333333334,58.530357142857156,0.1148809523809524,83.76785714285715,29.11607142857143,86.01934523809524,160.04910714285717,0.4330357142857141,57.525148809523806,26.388839285714287,95.46875,161.90922619047618,63.151785714285715,0.3653273809523809,85.68139880952381,29.358630952380956,83.75892857142856,165.26674107142858,1.3262648809523807,57.82194940476191,26.509933035714287,100.69828869047619,163.75669642857142,63.56815476190475,0.36633184523809514,85.11097470238096
2022-10-01,28.363095238095237,43.351190476190474,143.23214285714286,-1.1428571428571428,57.96190476190474,25.99761904761905,110.5297619047619,144.73809523809524,61.646428571428565,0.4023809523809527,87.41130952380949,28.678571428571427,65.33184523809523,146.14434523809524,-0.20386904761904773,58.48735119047619,26.189285714285713,97.7485119047619,148.55357142857142,62.55342261904763,0.36904761904761907,86.78839285714285,29.103422619047617,76.23065476190474,156.33519345238096,0.7332589285714284,58.759337797619054,26.395982142857143,98.375,156.40997023809524,63.32466517857142,0.3749999999999999,85.76175595238095
2022-10-08,28.863095238095237,161.7202380952381,191.41666666666666,-1.6428571428571428,40.708333333333336,25.714285714285705,80.36309523809524,209.41666666666666,55.90357142857143,0.22559523809523813,83.8523809523809,28.94047619047619,101.99404761904762,171.01488095238096,-0.8065476190476192,48.71205357142857,26.118154761904762,98.0,178.41815476190476,59.74151785714287,0.2578869047619048,85.27604166666666,29.016369047619047,82.81361607142857,159.08630952380952,0.11830357142857129,55.836755952380955,26.301860119047618,97.74702380952382,161.67113095238093,62.27306547619048,0.3377232142857143,85.74166666666666
2022-10-15,28.178571428571427,102.7202380952381,167.95238095238096,-2.0297619047619047,31.448809523809516,24.105952380952388,94.70238095238095,181.67857142857142,44.3107142857143,0.019642857142857146,79.4017857142857,28.726190476190478,110.86160714285714,176.0059523809524,-1.3303571428571428,43.88095238095237,25.542857142857144,96.6860119047619,186.57291666666666,55.09776785714286,0.19062500000000002,83.6083333333333,28.86532738095238,91.05171130952381,163.30357142857144,-0.4769345238095239,52.15137648809524,26.059784226190473,96.97581845238095,168.86346726190476,60.13612351190477,0.29572172619047615,85.33854166666666
2022-10-22,26.166666666666668,122.88690476190476,158.51190476190476,-2.3214285714285716,39.94166666666667,22.564285714285695,76.20238095238095,177.38095238095238,37.721428571428575,0.5815476190476191,81.55773809523808,27.89285714285714,107.66964285714286,165.2782738095238,-1.7842261904761907,42.515178571428564,24.59553571428571,90.44940476190476,178.30357142857144,49.895535714285714,0.3072916666666667,83.05580357142854,28.55952380952381,96.46428571428571,164.6108630952381,-1.03125,48.39888392857142,25.61145833333333,95.72098214285714,172.96205357142856,56.822061011904765,0.2812127976190476,84.68214285714284
2022-10-29,25.654761904761905,169.79166666666666,191.0297619047619,-2.4464285714285716,17.063690476190477,20.973214285714278,83.0,220.73809523809524,27.951785714285716,0.0,76.84523809523812,27.21577380952381,139.2797619047619,177.22767857142856,-2.110119047619048,32.290625,23.339434523809516,83.56696428571428,197.30357142857142,41.471875000000004,0.2066964285714285,80.4142857142857,28.193824404761905,114.95126488095238,172.38169642857144,-1.5078125,41.84970238095237,24.89899553571428,92.17559523809523,185.14955357142856,51.55167410714286,0.24062499999999998,83.08861607142855
2022-11-05,24.988095238095237,119.67261904761905,172.95238095238096,-2.386904761904762,14.979166666666664,20.598214285714278,94.48214285714286,197.02380952380952,23.821428571428562,0.0,78.26071428571426,26.24702380952381,128.76785714285714,172.61160714285714,-2.2961309523809526,25.85833333333333,22.06041666666666,87.09672619047619,194.20535714285714,33.45133928571429,0.15029761904761899,79.01636904761904,27.52046130952381,121.64471726190476,172.78087797619048,-1.8802083333333335,36.136272321428564,23.884561011904758,89.44977678571429,189.09635416666669,44.97912946428572,0.21372767857142855,81.52369791666665
2022-11-12,23.13095238095238,134.76190476190476,172.875,-2.136904761904762,4.450595238095237,18.027976190476192,88.56547619047619,202.61309523809524,18.67023809523808,0.0,75.2351190476191,24.985119047619047,136.7782738095238,173.8422619047619,-2.322916666666667,19.10877976190476,20.54092261904761,85.5625,199.43898809523807,27.041220238095235,0.1453869047619047,77.97470238095238,26.585193452380953,128.12388392857142,172.23995535714286,-2.1283482142857144,29.94322916666666,22.634077380952373,86.66889880952381,192.31287202380952,37.96499255952381,0.2024181547619047,80.11529017857141
2022-11-19,22.142857142857142,117.69047619047619,159.02380952380952,-1.7619047619047619,17.280952380952403,16.45595238095238,86.4047619047619,186.38095238095238,20.149404761904776,0.0,72.21904761904763,23.979166666666664,135.47916666666666,173.9702380952381,-2.1830357142857144,13.443601190476194,19.013839285714283,88.11309523809523,201.6889880952381,22.648214285714282,0.0,75.64002976190477,25.606770833333332,135.07626488095238,174.41294642857142,-2.2280505952380953,22.67533482142857,21.23865327380952,86.08482142857142,198.1592261904762,31.153162202380955,0.12559523809523804,78.26134672619047
2022-11-26,22.601190476190474,149.28571428571428,167.11904761904762,-1.2083333333333333,9.033333333333333,17.03452380952381,78.04761904761905,203.82738095238096,23.526190476190475,0.0,73.03452380952383,23.21577380952381,130.35267857142858,167.99255952380952,-1.8735119047619049,11.43601190476191,18.029166666666665,86.875,197.46130952380952,21.54181547619047,0.0,74.68735119047619,24.606770833333332,132.84449404761904,172.10416666666666,-2.1688988095238098,17.461681547619047,19.911086309523803,86.91183035714286,198.19866071428572,26.170647321428568,0.07392113095238093,76.82961309523809
2022-12-03,20.577380952380953,98.72619047619048,147.89285714285714,-0.5416666666666666,9.705357142857144,15.167261904761906,89.51190476190476,172.69642857142858,13.457738095238094,0.0,73.41547619047618,22.113095238095237,125.11607142857143,161.72767857142858,-1.412202380952381,10.117559523809529,16.67142857142857,85.63244047619048,191.37946428571428,18.950892857142858,0.0,73.47604166666669,23.57328869047619,131.93154761904762,169.38318452380952,-1.947916666666667,13.526488095238097,18.56383928571428,86.54575892857142,197.4921875,22.545535714285712,0.03634672619047617,75.44453125000001
2022-12-10,21.386904761904763,118.38690476190476,148.0952380952381,0.011904761904761904,20.444642857142863,16.025595238095242,79.91071428571429,178.57738095238096,23.707142857142863,0.0,73.7029761904762,21.677083333333332,121.02232142857143,155.5327380952381,-0.8750000000000001,14.116071428571434,16.170833333333334,83.46875,185.37053571428572,20.210119047619052,0.0,73.09300595238096,22.74627976190476,127.99255952380952,164.80580357142856,-1.5859375,12.278311011904767,17.471316964285712,86.02232142857142,193.97507440476193,20.837760416666665,0.0,74.22410714285715
2022-12-17,19.208333333333332,100.76190476190476,141.33333333333334,0.1130952380952381,6.162500000000001,14.557738095238097,84.25595238095238,167.20833333333334,15.669642857142852,0.0,76.71547619047624,20.94345238095238,116.79017857142857,151.11011904761907,-0.4062500000000001,11.336458333333336,15.696279761904766,82.93154761904762,180.57738095238096,19.09017857142857,0.0,74.21711309523812,21.98735119047619,123.3203125,159.09077380952382,-1.1417410714285716,11.751525297619052,16.641927083333336,84.72693452380952,188.69717261904762,19.948251488095238,0.0,73.86837797619049
2022-12-24,20.732142857142858,107.29761904761905,144.11309523809524,0.23809523809523808,12.453571428571431,16.20416666666666,81.51190476190476,172.14880952380952,22.244047619047624,0.0,77.57976190476187,20.476190476190474,106.29315476190476,145.35863095238096,-0.04464285714285725,12.19151785714286,15.488690476190477,83.79761904761905,172.6577380952381,18.769642857142856,0.0,75.35342261904762,21.302455357142858,117.30543154761905,153.43229166666669,-0.6845238095238096,11.94040178571429,16.006808035714286,83.95758928571429,182.49627976190476,19.255208333333336,0.0,74.03489583333335
2022-12-31,18.107142857142858,73.10119047619048,129.98809523809524,0.7619047619047619,10.804166666666665,14.316666666666668,86.48214285714286,148.35119047619048,19.610119047619044,0.0,79.7940476190476,19.858630952380953,99.88690476190476,140.88244047619048,0.2812499999999999,12.46622023809524,15.276041666666666,83.04017857142857,166.57142857142858,20.307738095238093,0.0,76.94806547619048,20.738839285714285,110.99813988095238,148.22098214285717,-0.2611607142857144,12.527566964285718,15.657961309523811,83.30952380952381,176.29427083333334,19.59441964285714,0.0,74.90290178571429
2023-01-07,17.107142857142858,157.25595238095238,167.51190476190476,2.1607142857142856,1.6410714285714287,12.372619047619047,79.03571428571429,207.85119047619048,13.368452380952379,0.0,75.86607142857142,18.788690476190474,109.60416666666667,145.73660714285714,0.8184523809523808,7.765327380952382,14.362797619047617,82.82142857142858,173.88988095238096,17.723065476190474,0.0,77.48883928571428,20.01674107142857,108.14360119047619,145.77194940476193,0.16220238095238085,10.939880952380953,15.205952380952382,83.14769345238096,173.42410714285714,18.97265625,0.0,76.00186011904762
2023-01-14,19.523809523809526,35.98809523809524,118.31547619047619,3.4583333333333335,23.123214285714294,15.555357142857149,94.76190476190476,125.60119047619048,22.180952380952373,0.0005952380952380953,79.48630952380952,18.867559523809526,93.41071428571429,139.98214285714286,1.6547619047619047,12.005505952380954,14.612202380952379,85.44791666666666,163.48809523809524,19.350892857142853,0.00014880952380944056,78.1815476190476,19.497767857142858,102.29873511904762,142.98995535714286,0.677455357142857,11.10714285714286,14.934933035714286,83.77678571428572,169.15178571428572,19.037834821428568,3.720238095236014e-05,76.99296874999999
2023-01-21,21.386904761904763,99.9047619047619,152.7202380952381,4.303571428571429,6.344047619047619,17.080357142857142,91.64880952380952,175.89880952380952,23.11011904761904,0.0,78.68392857142852,19.03125,91.5625,142.13392857142858,2.6711309523809526,10.478125000000002,14.831250000000002,87.98214285714286,164.42559523809524,19.56741071428571,0.00014880952380944056,78.45758928571426,19.136532738095237,98.61607142857143,142.18377976190476,1.3563988095238093,10.678794642857145,14.770572916666667,84.82291666666667,167.09375,19.237276785714283,7.440476190472028e-05,77.76901041666666
2023-01-28,21.517857142857142,130.57738095238096,167.08333333333334,4.809523809523809,15.963690476190472,15.789880952380955,88.625,195.01785714285714,19.237499999999986,0.0,71.88392857142861,19.88392857142857,105.93154761904762,151.4077380952381,3.683035714285714,11.768005952380953,15.199553571428574,88.51785714285714,176.0922619047619,19.474255952380943,0.00014880952380944056,76.48005952380952,19.142857142857142,100.12723214285715,144.81510416666669,2.206845238095238,10.504241071428574,14.751450892857143,86.1923363095238,169.47395833333334,19.028906249999995,0.00011160714285708042,77.6520089285714
2023-02-04,21.916666666666668,179.58333333333334,198.17857142857142,5.0773809523809526,9.65,15.704166666666671,84.88690476190476,235.35119047619048,17.31130952380953,0.0,70.96011904761903,21.086309523809526,111.51339285714286,159.07440476190476,4.412202380952381,13.770238095238096,16.03244047619048,89.98065476190476,182.9672619047619,20.459970238095234,0.00014880952380944056,75.25357142857143,19.717261904761905,100.60453869047619,148.14955357142858,3.105282738095238,12.00546875,15.16886160714286,87.98214285714286,171.74330357142858,19.713132440476187,0.00014880952380944056,77.0931919642857
2023-02-11,22.18452380952381,191.66071428571428,208.5952380952381,5.214285714285714,11.654166666666663,14.445833333333331,84.96428571428571,244.4404761904762,16.26071428571429,0.0,65.38273809523805,21.7514880952381,150.43154761904762,181.64434523809524,4.851190476190476,10.902976190476188,15.755059523809525,87.53125,212.67708333333331,18.97991071428571,0.0,71.72767857142856,20.438244047619047,114.85974702380953,158.56510416666666,3.9043898809523814,11.72983630952381,15.454575892857147,88.5029761904762,184.04055059523807,19.6203869047619,0.00011160714285708042,75.47972470238093
2023-02-18,25.38095238095238,75.03571428571429,154.7202380952381,5.160714285714286,27.916666666666657,20.883333333333333,102.13690476190476,165.4345238095238,26.680952380952395,0.007142857142857143,78.3892857142857,22.75,144.21428571428572,182.14434523809524,5.06547619047619,16.29613095238095,16.70580357142857,90.15327380952381,210.0610119047619,19.87261904761905,0.0017857142857142024,71.65401785714285,21.367931547619047,128.02269345238096,168.56770833333334,4.502976190476191,13.184337797619047,15.923214285714288,89.04575892857143,195.44940476190476,19.696688988095236,0.0005208333333332709,73.77883184523809
2023-02-25,26.285714285714285,135.99404761904762,201.60119047619048,4.958333333333333,15.879761904761898,20.274999999999995,105.67857142857143,221.1845238095238,24.738095238095244,0.0005952380952380953,72.88988095238096,23.941964285714285,145.56845238095238,190.77380952380952,5.102678571428571,16.275148809523806,17.827083333333334,94.41666666666666,216.60267857142856,21.247767857142865,0.0019345238095237263,71.90550595238093,22.382440476190478,137.93191964285714,178.4092261904762,4.857886904761904,14.311123511904759,16.580096726190476,90.5204613095238,205.57700892857142,20.140066964285715,0.0009672619047618423,72.63519345238095
2023-03-04,26.827380952380953,184.82142857142858,222.89285714285714,4.654761904761905,22.828571428571433,17.30178571428571,93.875,245.50595238095238,24.36607142857142,0.0,59.48869047619049,25.169642857142854,146.8779761904762,196.95238095238096,4.997023809523809,19.56979166666666,18.226488095238093,96.66369047619048,219.14136904761904,23.011458333333337,0.0019345238095237263,69.0376488095238,23.403273809523807,146.77306547619048,187.87872023809524,5.004092261904761,15.7610119047619,17.12860863095238,92.19122023809524,214.6205357142857,20.77793898809524,0.0014136904761904137,71.08121279761903
2023-03-11,27.113095238095237,58.910714285714285,163.46428571428572,4.190476190476191,34.55535714285715,20.30714285714285,118.39285714285714,167.17857142857142,31.041071428571428,0.01547619047619048,68.76369047619043,26.40178571428571,113.6904761904762,185.66964285714286,4.741071428571429,25.295089285714283,19.691815476190474,105.02083333333334,199.82589285714286,26.70654761904762,0.005803571428571346,69.8828869047619,24.565848214285715,137.58779761904762,188.88504464285717,4.9765625,19.359040178571426,18.11279761904762,96.56361607142858,211.4077380952381,22.70959821428572,0.0028645833333332503,70.62001488095237
2023-03-18,24.589285714285715,82.03571428571429,160.4404761904762,3.6845238095238093,45.986309523809545,21.314285714285717,102.14285714285714,164.20833333333334,38.004761904761914,0.3410714285714288,83.10238095238097,26.203869047619047,115.4404761904762,187.09970238095238,4.372023809523809,29.812500000000004,19.799553571428568,105.02232142857143,199.51934523809524,29.5375,0.08928571428571426,71.0611607142857,25.429315476190474,130.39434523809524,190.12388392857142,4.803199404761904,22.73813244047619,18.88623511904762,100.28087797619048,208.77232142857142,25.125818452380955,0.024739583333333266,70.4718005952381
2023-03-25,28.0,116.60119047619048,212.9702380952381,3.136904761904762,34.606547619047625,23.30654761904761,120.85119047619048,218.125,39.46547619047616,0.05714285714285712,77.21607142857147,26.632440476190478,110.59226190476191,189.94196428571428,3.9166666666666665,34.494196428571435,20.55744047619047,108.81547619047619,198.75446428571428,33.21934523809523,0.10342261904761901,72.14270833333333,26.101934523809522,121.65029761904762,189.91592261904762,4.506696428571428,27.292894345238096,19.5688244047619,103.88058035714286,204.31026785714286,28.118712797619047,0.05011160714285709,70.53110119047618
2023-04-01,27.827380952380953,162.5,218.5952380952381,2.6011904761904763,35.61369047619047,22.357142857142872,95.08333333333333,222.0595238095238,35.82976190476192,0.12857142857142864,75.05238095238096,26.882440476190478,105.01190476190476,188.86755952380955,3.4032738095238093,37.6904761904762,21.821279761904762,109.11755952380952,192.89285714285714,36.08526785714285,0.13556547619047618,76.03363095238096,26.53013392857143,111.18377976190477,187.89471726190476,4.108258928571428,31.82306547619048,20.467522321428568,106.99404761904762,197.74813988095238,31.387165178571426,0.0835193452380952,72.28009672619048
2023-04-08,31.125,212.48214285714286,267.0416666666667,2.0714285714285716,24.074404761904745,21.692261904761896,102.5,268.4107142857143,30.387499999999996,0.005357142857142857,61.771428571428544,27.885416666666668,143.4047619047619,214.76190476190476,2.8735119047619047,35.070238095238096,22.167559523809523,105.14434523809524,218.20089285714286,35.921875,0.13303571428571426,74.28556547619048,26.901041666666664,118.6123511904762,195.16778273809524,3.6413690476190474,34.26685267857143,21.086458333333333,107.02492559523809,202.34188988095238,33.69099702380952,0.11532738095238093,73.38076636904762
2023-04-15,33.017857142857146,154.79761904761904,244.85119047619048,1.5714285714285714,30.095238095238106,25.35238095238094,119.625,241.88095238095238,37.41428571428571,0.0375,68.33571428571432,29.992559523809526,161.5952380952381,235.86458333333334,2.345238095238095,31.097470238095237,23.17708333333333,109.51488095238095,237.61904761904762,35.77425595238095,0.05714285714285708,70.59389880952382,27.84821428571429,130.15104166666666,207.35900297619048,3.1346726190476186,34.58809523809524,21.93084077380952,108.14806547619048,211.86681547619048,35.25018601190476,0.10729166666666662,73.26395089285714
2023-04-22,28.577380952380953,113.07142857142857,202.35119047619048,1.1964285714285714,43.727976190476184,22.25595238095238,111.73809523809524,196.53571428571428,41.355357142857144,0.1297619047619048,71.08452380952382,30.136904761904763,160.71279761904762,233.20982142857142,1.8601190476190474,33.37782738095238,22.914434523809522,107.23660714285714,232.22172619047618,36.246726190476195,0.075297619047619,69.06101190476191,28.724330357142858,142.6811755952381,218.17596726190476,2.620535714285714,34.30900297619048,22.520089285714285,107.75334821428572,220.23363095238093,36.00703125,0.10026041666666663,72.4935267857143
2023-04-29,28.05952380952381,125.42261904761905,212.10714285714286,0.9166666666666666,49.87619047619047,23.739285714285714,111.22619047619048,203.88690476190476,47.91785714285714,0.08988095238095235,79.11785714285713,30.194940476190478,151.44345238095238,231.58779761904762,1.4389880952380951,36.94345238095238,23.25997023809523,111.27232142857143,227.67857142857144,39.26875,0.06562499999999992,70.07738095238095,29.552455357142858,154.2890625,228.85602678571428,2.129464285714285,34.12224702380952,22.8797619047619,108.29203869047619,228.93005952380952,36.80290178571428,0.08277529761904756,71.00446428571429
2023-05-06,31.761904761904763,129.25,237.88095238095238,0.7023809523809523,33.84226190476189,25.697023809523817,129.85119047619048,226.82142857142858,42.63154761904762,0.054761904761904755,72.63749999999997,30.354166666666668,130.63541666666666,224.29761904761904,1.0967261904761902,39.385416666666664,24.26116071428571,118.11011904761905,217.28125,42.32976190476191,0.07797619047619041,72.79389880952381,30.169642857142858,151.0967261904762,231.23995535714283,1.6852678571428568,35.20104166666666,23.403162202380948,111.53348214285714,228.7001488095238,38.40487351190476,0.0690104166666666,70.63154761904762
2023-05-13,30.357142857142858,88.41071428571429,218.875,0.6428571428571429,44.81607142857144,24.792261904761922,146.1845238095238,207.60119047619048,43.25595238095238,0.08154761904761904,73.4779761904762,29.688988095238095,114.03869047619047,217.80357142857144,0.8645833333333331,43.065625,24.12113095238096,124.75,208.71130952380952,43.79017857142857,0.08898809523809514,74.07946428571428,30.09375,139.20758928571428,226.72470238095238,1.3151041666666663,38.193080357142854,23.639174107142857,115.3422619047619,221.47321428571428,40.40885416666667,0.07697172619047611,71.50293898809524
2023-05-20,30.875,114.41666666666667,237.36904761904762,0.6904761904761905,38.29107142857142,25.657142857142855,139.1904761904762,223.61309523809524,47.360119047619044,0.12440476190476189,75.08511904761902,30.263392857142858,114.375,226.55803571428572,0.7380952380952379,41.70639880952381,24.971428571428575,131.61309523809524,215.48065476190476,45.29136904761905,0.08764880952380942,75.07961309523807,30.125372023809526,127.62313988095238,225.06175595238096,1.034598214285714,40.27522321428572,24.153422619047618,121.43638392857144,217.28794642857144,42.67001488095238,0.08005952380952372,73.00758928571427
2023-05-27,31.238095238095237,121.14880952380952,235.45833333333334,0.7916666666666666,37.2190476190476,26.145238095238092,134.70238095238096,219.625,48.41190476190476,0.07202380952380946,76.1107142857143,31.058035714285715,113.30654761904762,232.39583333333331,0.7068452380952379,38.542113095238086,25.57291666666667,137.48214285714286,219.41517857142856,45.414880952380955,0.08318452380952371,74.32782738095237,30.341145833333336,118.08891369047618,225.26376488095238,0.8515624999999997,40.67488839285714,24.731659226190477,127.98883928571429,215.22209821428572,44.206547619047626,0.08444940476190466,74.07020089285713
2023-06-03,33.166666666666664,113.52380952380952,226.23809523809524,0.7380952380952381,36.59404761904763,26.99464285714287,130.00595238095238,210.45833333333334,51.14107142857146,0.03869047619047618,72.03869047619044,31.40922619047619,109.375,229.48511904761907,0.7157738095238093,39.23005952380952,25.897321428571438,137.52083333333334,215.32440476190476,47.54226190476191,0.07916666666666655,74.178125,30.604910714285715,112.77380952380952,226.5606398809524,0.7563244047619044,40.63604910714285,25.14069940476191,132.84151785714286,214.7328869047619,45.50967261904762,0.08474702380952369,74.41625744047619
2023-06-10,31.69047619047619,60.226190476190474,201.26190476190476,0.27976190476190477,52.45476190476192,26.820833333333333,149.11309523809524,189.8452380952381,58.57916666666665,0.06666666666666668,76.57202380952378,31.742559523809522,102.32886904761905,225.08184523809524,0.6249999999999998,41.13973214285714,26.404464285714287,138.2529761904762,210.88541666666669,51.373065476190476,0.07544642857142847,74.95163690476188,31.118303571428573,109.84635416666666,228.38020833333334,0.696428571428571,40.15457589285714,25.711532738095244,136.2172619047619,215.2764136904762,47.40539434523809,0.08136160714285703,74.63430059523807
2023-06-17,31.339285714285715,43.523809523809526,156.04761904761904,0.26785714285714285,57.499999999999986,27.18809523809522,118.5297619047619,147.33928571428572,66.34166666666668,0.07619047619047617,79.50238095238095,31.85863095238095,84.60565476190476,204.75148809523807,0.5193452380952379,45.94196428571428,26.787202380952376,133.08779761904762,191.8169642857143,56.118452380952384,0.06339285714285703,76.05595238095236,31.517113095238095,102.40401785714286,222.92857142857142,0.6417410714285711,41.21346726190475,26.165476190476195,136.5859375,209.36049107142856,50.11216517857143,0.07529761904761893,74.87838541666665
2023-06-24,28.68452380952381,24.166666666666668,149.5,0.2916666666666667,60.65357142857143,26.455952380952382,129.375,142.33928571428572,71.64107142857144,0.4922619047619048,88.16904761904763,31.220238095238095,60.360119047619044,183.26190476190476,0.3943452380952379,51.80059523809524,26.86488095238095,131.75595238095238,172.49553571428572,61.92574404761905,0.16845238095238085,79.0705357142857,31.557663690476186,89.16741071428572,210.64508928571428,0.563616071428571,44.52808779761905,26.488467261904763,135.15438988095238,197.63058035714286,54.23988095238096,0.09661458333333323,76.06406249999998
2023-07-01,30.392857142857142,110.70238095238095,221.91071428571428,0.7261904761904762,49.287499999999994,27.391071428571433,132.42857142857142,205.29761904761904,69.54583333333333,0.2755952380952384,84.67976190476188,30.526785714285715,59.654761904761905,182.18005952380952,0.3913690476190474,54.97395833333333,26.96398809523809,132.36160714285714,171.20535714285717,66.52693452380953,0.22767857142857142,82.23080357142857,31.33705357142857,76.73735119047619,198.81882440476193,0.4825148809523805,48.4640625,26.755133928571425,133.86458333333331,186.60081845238096,58.98604910714286,0.13374255952380945,78.07723214285713
2023-07-08,30.291666666666668,85.33928571428571,207.82738095238096,1.6845238095238095,49.32797619047619,27.10595238095237,138.16666666666666,194.29761904761904,69.02083333333333,0.13095238095238115,83.32559523809527,30.177083333333336,65.93303571428571,183.82142857142856,0.7425595238095235,54.1922619047619,27.035267857142852,129.625,172.31845238095238,69.1373511904762,0.24375000000000002,83.91919642857144,30.945684523809522,67.63839285714286,188.50372023809524,0.5119047619047614,51.72719494047618,26.912834821428568,131.70758928571428,176.95907738095238,63.427120535714295,0.17581845238095234,80.31912202380951
2023-07-15,29.75,80.89880952380952,204.76785714285714,2.642857142857143,47.52499999999999,26.72857142857144,137.0952380952381,192.69642857142858,69.0595238095238,0.2773809523809528,84.09107142857142,29.779761904761905,75.27678571428571,196.00148809523807,1.3363095238095237,51.69851190476191,26.920386904761905,134.26636904761904,183.6577380952381,69.81681547619047,0.29404761904761917,85.06636904761906,30.425967261904763,65.30617559523809,186.31622023809524,0.7161458333333328,53.16633184523809,26.946130952380948,132.00223214285714,174.91927083333331,66.85171130952381,0.23348214285714286,82.5717261904762
2023-07-22,29.821428571428573,83.13095238095238,196.92857142857142,3.0654761904761907,50.26369047619045,26.80654761904762,133.51190476190476,184.8154761904762,66.6910714285714,0.12261904761904759,84.4940476190476,30.0639880952381,90.01785714285714,207.85863095238093,2.0297619047619047,49.10104166666666,27.008035714285718,135.30059523809524,194.27678571428572,68.57931547619047,0.20163690476190488,84.14761904761905,30.136904761904766,72.72061011904762,192.46540178571425,1.1249999999999996,52.49144345238095,26.981919642857143,132.88839285714283,180.36458333333334,68.51510416666667,0.24177827380952388,83.84099702380952
2023-07-29,29.851190476190474,76.1547619047619,189.24404761904762,3.1904761904761907,53.52321428571428,27.157738095238084,128.36904761904762,179.28571428571428,72.61726190476192,0.5690476190476189,85.97202380952383,29.928571428571427,81.38095238095238,199.69196428571428,2.645833333333333,50.15997023809523,26.949702380952377,134.28571428571428,187.77380952380952,69.34717261904761,0.275,84.47068452380954,29.98735119047619,78.15215773809523,196.84337797619045,1.6886160714285712,51.28794642857142,26.978348214285713,133.36941964285714,184.50669642857142,69.22016369047618,0.253608630952381,84.40096726190477
2023-08-05,28.892857142857142,19.25595238095238,134.4345238095238,3.1011904761904763,65.54166666666671,26.413095238095224,119.85714285714286,129.03571428571428,72.96071428571429,0.4630952380952379,86.81071428571428,29.578869047619044,64.86011904761904,181.34375,3.0,54.213392857142864,26.77648809523809,129.70833333333334,171.45833333333334,70.33214285714286,0.3580357142857142,85.34196428571428,29.83779761904762,77.88392857142857,196.22395833333331,2.2529761904761902,51.29322916666666,26.913653273809523,133.39025297619048,184.29166666666669,69.51886160714285,0.28218005952380953,84.7566592261905
2023-08-12,29.25595238095238,40.51190476190476,172.64285714285714,2.880952380952381,53.25416666666665,26.77321428571429,138.13690476190476,166.64880952380952,71.68273809523812,0.823809523809524,86.87380952380946,29.45535714285714,54.76339285714285,173.3125,3.0595238095238098,55.64568452380952,26.7876488095238,129.96875,164.94642857142858,70.98794642857143,0.494642857142857,86.0376488095238,29.756696428571427,72.75558035714285,190.5517113095238,2.683779761904762,52.28002232142857,26.88046875,132.31584821428572,179.6138392857143,69.8116443452381,0.33232886904761905,84.99947916666667
2023-08-19,29.666666666666668,80.73214285714286,195.70833333333334,2.517857142857143,51.33392857142859,26.80654761904763,132.69642857142858,189.03571428571428,68.9077380952381,0.28869047619047616,84.97559523809525,29.416666666666664,54.16369047619048,173.00744047619048,2.9226190476190474,55.91324404761906,26.787648809523805,129.76488095238096,166.00148809523807,71.54211309523811,0.5361607142857141,86.15803571428572,29.59486607142857,63.79203869047619,181.8389136904762,2.9069940476190474,53.98307291666667,26.825372023809518,130.93191964285714,172.54501488095238,70.55234375,0.41595982142857135,85.50208333333333
2023-08-26,30.095238095238095,49.30357142857143,167.3095238095238,2.0476190476190474,51.38869047619048,26.859523809523807,127.18452380952381,163.33333333333334,63.911309523809535,0.3458333333333335,83.82083333333333,29.477678571428573,47.450892857142854,167.52380952380952,2.636904761904762,55.379613095238106,26.71309523809524,129.46875,162.01339285714286,69.36562500000001,0.4803571428571428,85.62023809523808,29.482142857142854,55.3095238095238,173.796875,2.9047619047619047,55.28798363095239,26.766220238095233,129.72767857142858,166.10491071428572,70.55695684523809,0.46729910714285705,85.78947172619047
2023-09-02,29.422619047619047,64.125,174.8452380952381,1.5,60.622023809523775,26.903571428571418,124.24404761904762,172.25595238095238,71.04999999999995,0.6095238095238096,86.86011904761901,29.610119047619044,58.66815476190476,177.62648809523807,2.236607142857143,54.14970238095237,26.83571428571429,130.56547619047618,172.81845238095238,68.88794642857142,0.5169642857142858,85.63258928571426,29.489955357142854,53.76153273809524,172.86755952380952,2.7139136904761902,55.27206101190477,26.781026785714282,129.94196428571428,166.44494047619048,70.19590773809524,0.5070312499999999,85.86212797619046
2023-09-09,29.577380952380953,77.38690476190476,174.60714285714286,0.8452380952380952,51.95892857142857,26.93571428571427,116.73214285714286,173.8154761904762,68.2797619047619,0.2583333333333334,86.32976190476192,29.69047619047619,67.88690476190476,178.11755952380952,1.7276785714285712,53.825892857142854,26.87633928571428,125.21428571428572,174.61011904761904,68.03720238095238,0.3755952380952381,85.49657738095237,29.548735119047617,57.042410714285715,174.0688244047619,2.3809523809523805,54.8171130952381,26.8031994047619,128.75334821428572,168.86086309523807,69.45822172619047,0.4772693452380952,85.7268601190476
2023-09-16,29.05952380952381,69.16071428571429,150.73214285714286,0.16666666666666666,60.10714285714285,26.658333333333342,97.36904761904762,151.625,65.90595238095234,0.4654761904761905,87.36130952380961,29.538690476190478,64.99404761904762,166.8735119047619,1.1398809523809523,56.01919642857142,26.839285714285708,116.38244047619048,165.25744047619048,67.28675595238093,0.4197916666666666,86.09300595238096,29.579241071428573,59.75,172.53534226190476,1.9352678571428568,54.843601190476186,26.816108630952378,125.40773809523809,168.6748511904762,68.39438244047618,0.44817708333333334,85.71060267857142
2023-09-23,29.357142857142858,72.91071428571429,157.25595238095238,-0.4166666666666667,52.62916666666664,26.874404761904742,103.29166666666667,160.79761904761904,62.393452380952446,0.29166666666666696,86.93154761904762,29.354166666666664,70.89583333333334,164.36011904761907,0.5238095238095237,56.32931547619046,26.843005952380942,110.4092261904762,164.6235119047619,66.90729166666667,0.40625,86.87068452380953,29.548363095238095,65.61123511904762,171.74441964285714,1.4069940476190474,55.08102678571427,26.848586309523807,120.64285714285715,169.32738095238093,67.77979910714285,0.4296502976190476,86.02321428571427
2023-09-30,27.75595238095238,9.095238095238095,104.4047619047619,-1.0714285714285714,67.66607142857144,26.316071428571405,99.31547619047619,101.82738095238095,72.08333333333336,0.9077380952380951,92.03333333333333,28.9375,57.13839285714286,146.75,-0.11904761904761918,58.090327380952374,26.69613095238094,104.17708333333333,147.01636904761904,67.165625,0.4808035714285714,88.16398809523812,29.380208333333332,65.22879464285714,164.02529761904762,0.8180803571428569,56.066183035714275,26.81369047619047,114.04575892857143,162.87686011904762,67.34921875,0.420610119047619,86.65606398809524
2023-10-07,29.645833333333332,135.25694444444446,203.875,-1.5069444444444444,25.840277777777768,25.181944444444447,105.32638888888889,219.29166666666666,44.45555555555555,0.05416666666666662,78.12916666666665,28.954613095238095,71.60590277777779,154.06696428571428,-0.7070932539682542,51.560664682539674,26.257688492063483,101.32564484126985,158.38541666666669,61.20957341269842,0.4297619047619047,86.1138392857143,29.19624255952381,66.1585441468254,158.0126488095238,0.20938740079365056,55.49987599206348,26.65902777777777,108.07359871031747,158.82068452380952,65.6423115079365,0.4341517857142857,86.81037946428573
