Week Ending/Date,Kolkata,Guwahati,Siliguri,Jalpaiguri,mjunction,Cochin,Coonoor,Coimbatore,Tea Serve,Cochin_3_weeks_moving_avg,Cochin_4_weeks_moving_avg,Cochin_5_weeks_moving_avg,Cochin_week_1,Cochin_week_2,Cochin_week_3,Cochin_week_4,Coimbatore_3_weeks_moving_avg,Coimbatore_4_weeks_moving_avg,Coimbatore_5_weeks_moving_avg,Coimbatore_week_1,Coimbatore_week_2,Coimbatore_week_3,Coimbatore_week_4,Coonoor_3_weeks_moving_avg,Coonoor_4_weeks_moving_avg,Coonoor_5_weeks_moving_avg,Coonoor_week_1,Coonoor_week_2,Coonoor_week_3,Coonoor_week_4,Guwahati_3_weeks_moving_avg,Guwahati_4_weeks_moving_avg,Guwahati_5_weeks_moving_avg,Guwahati_week_1,Guwahati_week_2,Guwahati_week_3,Guwahati_week_4,Jalpaiguri_3_weeks_moving_avg,Jalpaiguri_4_weeks_moving_avg,Jalpaiguri_5_weeks_moving_avg,Jalpaiguri_week_1,Jalpaiguri_week_2,Jalpaiguri_week_3,Jalpaiguri_week_4,Kolkata_3_weeks_moving_avg,Kolkata_4_weeks_moving_avg,Kolkata_5_weeks_moving_avg,Kolkata_week_1,Kolkata_week_2,Kolkata_week_3,Kolkata_week_4,Siliguri_3_weeks_moving_avg,Siliguri_4_weeks_moving_avg,Siliguri_5_weeks_moving_avg,Siliguri_week_1,Siliguri_week_2,Siliguri_week_3,Siliguri_week_4,Tea Serve_3_weeks_moving_avg,Tea Serve_4_weeks_moving_avg,Tea Serve_5_weeks_moving_avg,Tea Serve_week_1,Tea Serve_week_2,Tea Serve_week_3,Tea Serve_week_4,mjunction_3_weeks_moving_avg,mjunction_4_weeks_moving_avg,mjunction_5_weeks_moving_avg,mjunction_week_1,mjunction_week_2,mjunction_week_3,mjunction_week_4
2021-01-02,187.04,164.08,168.57,0.0,130.40,0,0,0,108.74,,,,,,,,,,,,,,,,,,,,,,,,,,,,,,,,,,,,,,,,,,,,,,,,,,,,,,,,,,,,,,,
2021-01-09,183.43,167.99,167.60,0.0,129.87,171.59,134.05,137.28,117.34,,,,0,,,,,,,0,,,,,,,0,,,,,,,164.08,,,,,,,0.0,,,,,,,187.04,,,,,,,168.57,,,,,,,108.74,,,,,,,130.40,,,
2021-01-16,183.20,168.27,163.66,0.0,138.55,166.89,135.42,139.27,124.95,112.82666666666667,,,171.59,0,,,92.18333333333334,,,137.28,0,,,89.82333333333334,,,134.05,0,,,166.78,,,167.99,164.08,,,0.0,,,0.0,0.0,,,184.55666666666664,,,183.43,187.04,,,166.60999999999999,,,167.60,168.57,,,117.00999999999999,,,117.34,108.74,,,132.94000000000003,,,129.87,130.40,,
2021-01-23,181.99,164.85,160.07,0.0,125.10,168.86,132.29,139.11,126.47,169.11333333333334,126.83500000000001,,166.89,171.59,0,,138.55333333333334,103.915,,139.27,137.28,0,,133.92,100.44,,135.42,134.05,0,,167.03666666666666,166.2975,,168.27,167.99,164.08,,0.0,0.0,,0.0,0.0,0.0,,182.87333333333333,183.915,,183.20,183.43,187.04,,163.77666666666667,164.975,,163.66,167.60,168.57,,122.92,119.375,,124.95,117.34,108.74,,131.17333333333335,130.98000000000002,,138.55,129.87,130.40,
2021-01-30,184.65,160.29,152.18,0.0,136.28,167.83,132.06,142.04,122.69,167.85999999999999,168.79250000000002,135.03400000000002,168.86,166.89,171.59,0,140.14,139.425,111.54,139.11,139.27,137.28,0,133.25666666666666,133.45499999999998,106.76399999999998,132.29,135.42,134.05,0,164.47,165.35,165.096,164.85,168.27,167.99,164.08,0.0,0.0,0.0,0.0,0.0,0.0,0.0,183.27999999999997,183.3175,184.06199999999998,181.99,183.20,183.43,187.04,158.63666666666668,160.8775,162.416,160.07,163.66,167.60,168.57,124.70333333333333,122.8625,120.03800000000001,126.47,124.95,117.34,108.74,133.30999999999997,132.45000000000002,132.04000000000002,125.10,138.55,129.87,130.40
2021-02-06,171.46,156.74,148.68,0.0,154.98,164.51,132.86,141.61,113.49,167.0666666666667,167.02249999999998,167.936,167.83,168.86,166.89,171.59,140.92,140.50750000000002,139.86200000000002,142.04,139.11,139.27,137.28,132.40333333333334,133.1575,133.336,132.06,132.29,135.42,134.05,160.62666666666667,162.5375,163.628,160.29,164.85,168.27,167.99,0.0,0.0,0.0,0.0,0.0,0.0,0.0,179.36666666666667,180.325,180.946,184.65,181.99,183.20,183.43,153.64333333333335,156.14749999999998,158.43800000000002,152.18,160.07,163.66,167.60,120.88333333333333,121.9,120.98799999999999,122.69,126.47,124.95,117.34,138.78666666666666,138.72750000000002,136.956,136.28,125.10,138.55,129.87
2021-02-13,174.30,147.65,151.70,0.0,147.27,167.30,131.72,140.33,118.78,166.54666666666668,167.125,167.078,164.51,167.83,168.86,166.89,141.32666666666668,140.7725,140.47200000000004,141.61,142.04,139.11,139.27,132.21333333333334,132.23250000000002,132.87,132.86,132.06,132.29,135.42,154.89333333333332,157.3825,159.56,156.74,160.29,164.85,168.27,0.0,0.0,0.0,0.0,0.0,0.0,0.0,176.80333333333337,178.10000000000002,179.12,171.46,184.65,181.99,183.20,150.85333333333332,153.1575,155.25799999999998,148.68,152.18,160.07,163.66,118.32,120.35749999999999,121.276,113.49,122.69,126.47,124.95,146.17666666666665,140.9075,140.436,154.98,136.28,125.10,138.55
2021-02-20,167.61,145.83,150.80,0.0,147.02,164.23,129.99,138.64,118.02,165.34666666666666,165.9675,166.546,167.30,164.51,167.83,168.86,140.19333333333336,140.655,140.346,140.33,141.61,142.04,139.11,131.52333333333334,131.6575,131.784,131.72,132.86,132.06,132.29,150.07333333333335,152.6275,155.072,147.65,156.74,160.29,164.85,0.0,0.0,0.0,0.0,0.0,0.0,0.0,171.12333333333333,174.50500000000002,176.002,174.30,171.46,184.65,181.99,150.39333333333335,150.84,152.68599999999998,151.70,148.68,152.18,160.07,116.76333333333332,118.245,119.88999999999999,118.78,113.49,122.69,126.47,149.7566666666667,146.3875,142.13,147.27,154.98,136.28,125.10
2021-02-27,156.36,158.10,0,0.0,0,165.38,123.94,139.69,117.14,165.63666666666666,165.355,165.85,164.23,167.30,164.51,167.83,139.55333333333334,140.0675,140.462,138.64,140.33,141.61,142.04,128.54999999999998,129.6275,130.114,129.99,131.72,132.86,132.06,150.52666666666667,152.08,153.722,145.83,147.65,156.74,160.29,0.0,0.0,0.0,0.0,0.0,0.0,0.0,166.09,167.43250000000003,170.87600000000003,167.61,174.30,171.46,184.65,100.83333333333333,112.795,120.672,150.80,151.70,148.68,152.18,117.98,116.8575,118.024,118.02,118.78,113.49,122.69,98.09666666666668,112.31750000000001,117.10999999999999,147.02,147.27,154.98,136.28
2021-03-06,147.73,0,0,0.0,0,164.24,120.39,131.97,117.88,164.61666666666667,165.2875,165.132,165.38,164.23,167.30,164.51,136.76666666666665,137.6575,138.448,139.69,138.64,140.33,141.61,124.77333333333333,126.51,127.78,123.94,129.99,131.72,132.86,101.31000000000002,112.89500000000001,121.66400000000002,158.10,145.83,147.65,156.74,0.0,0.0,0.0,0.0,0.0,0.0,0.0,157.23333333333335,161.5,163.49200000000002,156.36,167.61,174.30,171.46,50.26666666666667,75.625,90.236,0,150.80,151.70,148.68,117.68,117.955,117.06199999999998,117.14,118.02,118.78,113.49,49.00666666666667,73.5725,89.854,0,147.02,147.27,154.98
2021-03-13,145.50,149.59,0,0.0,0,163.75,121.41,132.13,113.60,164.45666666666668,164.4,164.98000000000002,164.24,165.38,164.23,167.30,134.59666666666666,135.6075,136.552,131.97,139.69,138.64,140.33,121.91333333333334,123.9325,125.49000000000001,120.39,123.94,129.99,131.72,102.56333333333333,113.38000000000001,120.23400000000001,0,158.10,145.83,147.65,0.0,0.0,0.0,0.0,0.0,0.0,0.0,149.86333333333334,154.3,158.3,147.73,156.36,167.61,174.30,0.0,37.7,60.5,0,0,150.80,151.70,116.20666666666666,116.66,117.08399999999999,117.88,117.14,118.02,118.78,0.0,36.755,58.858000000000004,0,0,147.02,147.27
2021-03-20,0,0,0,0.0,0,163.36,122.16,130.02,112.89,163.78333333333333,164.1825,164.192,163.75,164.24,165.38,164.23,131.37333333333333,133.4525,134.49,132.13,131.97,139.69,138.64,121.32,121.97500000000001,123.578,121.41,120.39,123.94,129.99,49.86333333333334,76.9225,90.70400000000001,149.59,0,158.10,145.83,0.0,0.0,0.0,0.0,0.0,0.0,0.0,97.74333333333334,112.3975,123.44000000000001,145.50,147.73,156.36,167.61,0.0,0.0,30.160000000000004,0,0,0,150.80,114.79,115.3775,115.90599999999999,113.60,117.88,117.14,118.02,0.0,0.0,29.404000000000003,0,0,0,147.02
2021-03-27,145.91,0,169.16,0.0,0,162.14,122.10,131.58,114.29,163.08333333333334,163.3725,163.774,163.36,163.75,164.24,165.38,131.24333333333334,131.425,133.078,130.02,132.13,131.97,139.69,121.89,121.515,122.0,122.16,121.41,120.39,123.94,49.86333333333334,37.3975,61.538,0,149.59,0,158.10,0.0,0.0,0.0,0.0,0.0,0.0,0.0,97.13666666666666,109.785,119.1,0,145.50,147.73,156.36,56.38666666666666,42.29,33.832,0,0,0,0,113.59333333333335,114.66499999999999,115.16000000000001,112.89,113.60,117.88,117.14,0.0,0.0,0.0,0,0,0,0
2021-04-03,0,157.20,0,0.0,0,0,118.40,130.37,113.84,108.5,122.3125,130.698,162.14,163.36,163.75,164.24,130.65666666666667,131.025,131.214,131.58,130.02,132.13,131.97,120.88666666666666,121.0175,120.89200000000001,122.10,122.16,121.41,120.39,52.4,76.69749999999999,61.35799999999999,0,0,149.59,0,0.0,0.0,0.0,0.0,0.0,0.0,0.0,48.63666666666666,72.85249999999999,87.828,145.91,0,145.50,147.73,56.38666666666666,42.29,33.832,169.16,0,0,0,113.67333333333333,113.655,114.5,114.29,112.89,113.60,117.88,0.0,0.0,0.0,0,0,0,0
2021-04-10,195.14,231.06,213.18,0.0,211.37,152.67,116.23,124.93,104.82,104.93666666666665,119.54249999999999,128.384,0,162.14,163.36,163.75,128.96,129.225,129.80599999999998,130.37,131.58,130.02,132.13,118.91000000000001,119.7225,120.05999999999999,118.40,122.10,122.16,121.41,129.42,97.065,107.57000000000001,157.20,0,0,149.59,0.0,0.0,0.0,0.0,0.0,0.0,0.0,113.68333333333332,85.26249999999999,97.30999999999999,0,145.91,0,145.50,127.44666666666667,95.58500000000001,76.468,0,169.16,0,0,110.98333333333333,111.46000000000001,111.88799999999999,113.84,114.29,112.89,113.60,70.45666666666666,52.8425,42.274,0,0,0,0
2021-04-17,215.88,0,211.39,0.0,184.14,144.05,113.10,121.46,106.17,98.90666666666668,114.71499999999999,124.444,152.67,0,162.14,163.36,125.58666666666666,127.08500000000001,127.672,124.93,130.37,131.58,130.02,115.91000000000001,117.4575,118.398,116.23,118.40,122.10,122.16,129.42,97.065,77.652,231.06,157.20,0,0,0.0,0.0,0.0,0.0,0.0,0.0,0.0,137.00666666666666,139.2325,111.386,195.14,0,145.91,0,141.52333333333334,148.4325,118.74600000000001,213.18,0,169.16,0,108.27666666666666,109.78,110.402,104.82,113.84,114.29,112.89,131.83666666666667,98.8775,79.102,211.37,0,0,0
2021-04-24,212.06,199.02,209.78,0.0,185.53,133.80,113.09,122.64,106.26,143.50666666666666,107.63000000000001,118.532,144.05,152.67,0,162.14,123.00999999999999,124.85,126.196,121.46,124.93,130.37,131.58,114.14,115.20500000000001,116.58399999999999,113.10,116.23,118.40,122.10,143.36,146.82,117.45599999999999,0,231.06,157.20,0,0.0,0.0,0.0,0.0,0.0,0.0,0.0,207.6933333333333,155.77,153.798,215.88,195.14,0,145.91,211.45000000000002,158.5875,160.702,211.39,213.18,0,169.16,105.75,107.77250000000001,109.076,106.17,104.82,113.84,114.29,193.67999999999998,145.26,116.208,184.14,211.37,0,0
2021-05-01,206.04,197.68,198.32,0.0,167.87,130.23,116.29,119.15,103.19,136.02666666666667,140.1875,112.15,133.80,144.05,152.67,0,121.08333333333333,122.04499999999999,123.71,122.64,121.46,124.93,130.37,114.16000000000001,114.6775,115.422,113.09,113.10,116.23,118.40,132.23333333333335,156.94,156.99200000000002,199.02,0,231.06,157.20,0.0,0.0,0.0,0.0,0.0,0.0,0.0,211.32666666666668,207.28,165.824,212.06,215.88,195.14,0,206.49666666666667,208.16750000000002,166.53400000000002,209.78,211.39,213.18,0,105.20666666666666,105.11,106.856,106.26,106.17,104.82,113.84,179.17999999999998,187.2275,149.78199999999998,185.53,184.14,211.37,0
2021-05-05,129.79,204.12,198.30,0.0,179.12,133.19,120.89,121.89,109.20,132.40666666666667,135.3175,138.78799999999998,130.23,133.80,144.05,152.67,121.22666666666667,121.28500000000001,122.01399999999998,119.15,122.64,121.46,124.93,116.75666666666666,115.8425,115.92,116.29,113.09,113.10,116.23,200.27333333333334,150.205,166.37600000000003,197.68,199.02,0,231.06,0.0,0.0,0.0,0.0,0.0,0.0,0.0,182.63,190.9425,191.78199999999998,206.04,212.06,215.88,195.14,202.13333333333333,204.4475,206.19400000000002,198.32,209.78,211.39,213.18,106.21666666666665,106.205,105.928,103.19,106.26,106.17,104.82,177.50666666666666,179.165,185.606,167.87,185.53,184.14,211.37
2021-05-08,219.79,204.12,198.30,0.0,179.12,133.19,120.89,121.89,109.20,132.20333333333332,132.6025,134.892,133.19,130.23,133.80,144.05,120.97666666666667,121.3925,121.40599999999999,121.89,119.15,122.64,121.46,119.35666666666667,117.79,116.852,120.89,116.29,113.09,113.10,201.97333333333336,201.235,160.988,204.12,197.68,199.02,0,0.0,0.0,0.0,0.0,0.0,0.0,0.0,185.20666666666668,191.92000000000002,196.712,129.79,206.04,212.06,215.88,198.3066666666667,201.175,203.218,198.30,198.32,209.78,211.39,107.19666666666667,106.96249999999999,106.804,109.20,103.19,106.26,106.17,175.37,177.91,179.156,179.12,167.87,185.53,184.14
2021-05-15,214.24,211.57,203.21,0.0,187.99,142.60,125.54,125.25,112.59,136.32666666666668,134.8025,134.602,133.19,133.19,130.23,133.80,123.00999999999999,122.045,122.16399999999999,121.89,121.89,119.15,122.64,122.44,120.9025,119.34,120.89,120.89,116.29,113.09,206.60333333333332,204.3725,203.302,204.12,204.12,197.68,199.02,0.0,0.0,0.0,0.0,0.0,0.0,0.0,187.94000000000003,192.46499999999997,196.38400000000001,219.79,129.79,206.04,212.06,199.93666666666664,199.5325,201.582,198.30,198.30,198.32,209.78,110.33,108.545,108.08800000000001,109.20,109.20,103.19,106.26,182.07666666666668,178.525,179.926,179.12,179.12,167.87,185.53
2021-05-22,221.95,217.89,207.44,0.0,187.59,155.42,122.22,132.95,107.32,143.73666666666665,141.1,138.926,142.60,133.19,133.19,130.23,126.69666666666667,125.49499999999999,124.226,125.25,121.89,121.89,119.15,122.88333333333333,122.385,121.16599999999998,125.54,120.89,120.89,116.29,211.1933333333333,209.42499999999998,207.07600000000002,211.57,204.12,204.12,197.68,0.0,0.0,0.0,0.0,0.0,0.0,0.0,218.66,196.4425,198.362,214.24,219.79,129.79,206.04,202.98333333333335,201.8125,201.114,203.21,198.30,198.30,198.32,109.70333333333333,109.5775,108.3,112.59,109.20,109.20,103.19,184.9,183.455,180.33800000000002,187.99,179.12,179.12,167.87
2021-05-29,0,223.07,211.23,0.0,203.38,141.32,0,0,102.81,146.44666666666666,143.1325,141.14399999999998,155.42,142.60,133.19,133.19,86.06666666666668,95.0225,100.396,132.95,125.25,121.89,121.89,82.58666666666667,92.1625,97.908,122.22,125.54,120.89,120.89,217.51,214.1625,212.154,217.89,211.57,204.12,204.12,0.0,0.0,0.0,0.0,0.0,0.0,0.0,145.39666666666668,163.995,157.154,221.95,214.24,219.79,129.79,207.29333333333332,205.04500000000002,203.696,207.44,203.21,198.30,198.30,107.57333333333334,107.98,108.224,107.32,112.59,109.20,109.20,192.98666666666668,189.52,187.44,187.59,187.99,179.12,179.12
2021-06-05,226.43,226.96,217.32,0.0,205.50,134.59,116.00,124.14,104.91,143.77666666666667,143.4825,141.424,141.32,155.42,142.60,133.19,85.69666666666666,95.585,100.84599999999999,0,132.95,125.25,121.89,79.40666666666667,90.94,96.92999999999999,0,122.22,125.54,120.89,222.64000000000001,219.8725,216.72200000000004,223.07,217.89,211.57,204.12,0.0,0.0,0.0,0.0,0.0,0.0,0.0,149.46,165.655,176.48200000000003,0,221.95,214.24,219.79,211.99666666666667,209.8,207.5,211.23,207.44,203.21,198.30,105.01333333333332,106.9075,107.36600000000001,102.81,107.32,112.59,109.20,198.82333333333335,196.115,192.716,203.38,187.59,187.99,179.12
2021-06-12,223.94,233.97,221.68,0.0,216.31,128.56,110.49,115.71,103.24,134.82333333333335,139.9725,140.498,134.59,141.32,155.42,142.60,79.95,93.19999999999999,99.60999999999999,124.14,0,132.95,125.25,75.49666666666667,87.1775,94.85,116.00,0,122.22,125.54,228.0,225.4725,222.692,226.96,223.07,217.89,211.57,0.0,0.0,0.0,0.0,0.0,0.0,0.0,150.12333333333333,168.07999999999998,177.312,226.43,0,221.95,214.24,216.74333333333334,214.41750000000002,212.17600000000002,217.32,211.23,207.44,203.21,103.65333333333332,104.57,106.174,104.91,102.81,107.32,112.59,208.39666666666668,203.195,200.154,205.50,203.38,187.59,187.99
2021-06-19,236.20,234.00,214.41,0.0,200.31,123.66,97.51,110.80,108.31,128.93666666666667,132.0325,136.71,128.56,134.59,141.32,155.42,116.88333333333333,87.6625,96.72,115.71,124.14,0,132.95,108.0,81.0,89.244,110.49,116.00,0,122.22,231.64333333333332,229.5,227.17799999999997,233.97,226.96,223.07,217.89,0.0,0.0,0.0,0.0,0.0,0.0,0.0,228.85666666666665,171.64249999999998,181.704,223.94,226.43,0,221.95,217.8033333333333,216.16,214.416,221.68,217.32,211.23,207.44,105.48666666666666,104.8175,105.31799999999998,103.24,104.91,102.81,107.32,207.37333333333333,206.375,202.618,216.31,205.50,203.38,187.59
2021-06-26,238.82,230.82,203.53,0.0,239.89,124.42,94.34,110.82,0,125.54666666666667,127.80749999999999,130.51,123.66,128.56,134.59,141.32,112.44333333333333,115.36749999999999,92.294,110.80,115.71,124.14,0,100.78000000000002,104.58500000000001,83.668,97.51,110.49,116.00,0,232.92999999999998,231.4375,229.76399999999998,234.00,233.97,226.96,223.07,0.0,0.0,0.0,0.0,0.0,0.0,0.0,232.98666666666668,231.3475,185.078,236.20,223.94,226.43,0,213.20666666666668,214.235,213.63400000000001,214.41,221.68,217.32,211.23,70.51666666666667,79.115,83.854,108.31,103.24,104.91,102.81,218.83666666666667,215.5025,213.07799999999997,200.31,216.31,205.50,203.38
2021-07-03,247.99,225.96,192.22,0.0,206.35,122.37,94.20,110.08,87.11,123.48333333333333,124.7525,126.72,124.42,123.66,128.56,134.59,110.56666666666666,111.85249999999999,114.30999999999999,110.82,110.80,115.71,124.14,95.35000000000001,99.135,102.508,94.34,97.51,110.49,116.00,230.26,231.1875,230.342,230.82,234.00,233.97,226.96,0.0,0.0,0.0,0.0,0.0,0.0,0.0,241.00333333333333,236.7375,234.67600000000002,238.82,236.20,223.94,226.43,203.38666666666666,207.96,209.83199999999997,203.53,214.41,221.68,217.32,65.14,74.665,80.714,0,108.31,103.24,104.91,215.51666666666665,215.715,213.67199999999997,239.89,200.31,216.31,205.50
2021-07-10,229.40,207.14,181.19,0.0,178.29,116.99,92.44,109.01,78.88,121.25999999999999,121.86,123.2,122.37,124.42,123.66,128.56,109.96999999999998,110.1775,111.28399999999999,110.08,110.82,110.80,115.71,93.66000000000001,94.6225,97.796,94.20,94.34,97.51,110.49,221.30666666666664,224.48000000000002,226.37800000000001,225.96,230.82,234.00,233.97,0.0,0.0,0.0,0.0,0.0,0.0,0.0,238.73666666666668,238.1025,235.26999999999998,247.99,238.82,236.20,223.94,192.31333333333336,197.8375,202.606,192.22,203.53,214.41,221.68,55.330000000000005,68.575,75.50800000000001,87.11,0,108.31,103.24,208.17666666666665,206.20999999999998,208.23000000000002,206.35,239.89,200.31,216.31
2021-07-17,224.12,195.69,181.51,0.0,174.92,116.02,90.87,101.84,81.74,118.46,119.94999999999999,120.69200000000001,116.99,122.37,124.42,123.66,106.97666666666667,107.9375,108.50999999999999,109.01,110.08,110.82,110.80,92.50333333333333,92.9625,93.872,92.44,94.20,94.34,97.51,209.59666666666666,214.9025,218.72199999999998,207.14,225.96,230.82,234.00,0.0,0.0,0.0,0.0,0.0,0.0,0.0,233.83666666666667,235.0825,235.30599999999998,229.40,247.99,238.82,236.20,184.97333333333336,189.61249999999998,194.57199999999997,181.19,192.22,203.53,214.41,82.57666666666667,61.9325,71.208,78.88,87.11,0,108.31,186.51999999999998,199.86249999999998,199.952,178.29,206.35,239.89,200.31
2021-07-24,214.17,183.67,185.05,0.0,152.80,117.95,90.64,102.37,80.84,116.98666666666666,118.33250000000001,119.55,116.02,116.99,122.37,124.42,104.40666666666668,105.825,106.824,101.84,109.01,110.08,110.82,91.31666666666668,92.0375,92.498,90.87,92.44,94.20,94.34,195.5,203.11499999999998,208.656,195.69,207.14,225.96,230.82,0.0,0.0,0.0,0.0,0.0,0.0,0.0,222.56333333333336,228.92000000000002,230.9,224.12,229.40,247.99,238.82,182.58333333333334,184.9925,188.7,181.51,181.19,192.22,203.53,80.48666666666666,82.1425,65.714,81.74,78.88,87.11,0,168.67,178.09,190.45,174.92,178.29,206.35,239.89
2021-07-31,213.93,180.68,177.25,0.0,193.62,118.01,91.52,101.26,80.47,117.32666666666667,117.2425,118.268,117.95,116.02,116.99,122.37,101.82333333333334,103.62,104.912,102.37,101.84,109.01,110.08,91.01,91.36749999999999,91.934,90.64,90.87,92.44,94.20,186.67999999999998,191.79500000000002,198.62800000000001,183.67,195.69,207.14,225.96,0.0,0.0,0.0,0.0,0.0,0.0,0.0,217.40666666666667,220.405,225.92200000000003,214.17,224.12,229.40,247.99,181.26999999999998,181.25,183.44400000000002,185.05,181.51,181.19,192.22,81.01666666666667,80.48249999999999,81.80799999999999,80.84,81.74,78.88,87.11,173.78,174.9075,181.196,152.80,174.92,178.29,206.35
2021-08-07,210.38,175.63,178.66,0.0,145.00,120.20,88.97,100.70,79.64,118.72000000000001,118.045,117.83400000000002,118.01,117.95,116.02,116.99,101.44333333333333,101.5425,103.03599999999999,101.26,102.37,101.84,109.01,90.37666666666667,90.5,90.888,91.52,90.64,90.87,92.44,179.99333333333334,183.9175,188.56199999999998,180.68,183.67,195.69,207.14,0.0,0.0,0.0,0.0,0.0,0.0,0.0,212.82666666666668,215.65,218.4,213.93,214.17,224.12,229.40,180.32000000000002,180.6175,180.732,177.25,185.05,181.51,181.19,80.31666666666666,80.6725,80.314,80.47,80.84,81.74,78.88,163.8066666666667,166.585,168.926,193.62,152.80,174.92,178.29
2021-08-14,211.27,173.36,169.29,0.0,148.41,119.64,89.50,101.24,76.95,119.28333333333335,118.95,118.364,120.20,118.01,117.95,116.02,101.06666666666666,101.39250000000001,101.482,100.70,101.26,102.37,101.84,89.99666666666667,90.1575,90.3,88.97,91.52,90.64,90.87,176.5566666666667,178.335,181.80599999999998,175.63,180.68,183.67,195.69,0.0,0.0,0.0,0.0,0.0,0.0,0.0,211.86,212.4375,214.77400000000003,210.38,213.93,214.17,224.12,175.0666666666667,177.5625,178.352,178.66,177.25,185.05,181.51,79.02,79.475,79.928,79.64,80.47,80.84,81.74,162.34333333333333,159.9575,162.95,145.00,193.62,152.80,174.92
2021-08-21,220.83,173.40,169.84,0.0,148.44,0,90.79,101.68,79.21,79.94666666666667,89.4625,95.16,119.64,120.20,118.01,117.95,101.20666666666666,101.22,101.45,101.24,100.70,101.26,102.37,89.75333333333333,90.195,90.28399999999999,89.50,88.97,91.52,90.64,174.13,175.7675,177.348,173.36,175.63,180.68,183.67,0.0,0.0,0.0,0.0,0.0,0.0,0.0,214.16,214.1025,214.11599999999999,211.27,210.38,213.93,214.17,172.59666666666666,173.76,176.018,169.29,178.66,177.25,185.05,78.60000000000001,79.0675,79.422,76.95,79.64,80.47,80.84,147.28333333333333,158.8675,157.654,148.41,145.00,193.62,152.80
2021-08-28,210.48,170.71,173.78,0.0,135.57,123.83,92.24,101.57,74.54,81.15666666666667,90.91749999999999,96.33600000000001,0,119.64,120.20,118.01,101.49666666666667,101.29750000000001,101.29,101.68,101.24,100.70,101.26,90.84333333333332,90.375,90.604,90.79,89.50,88.97,91.52,172.49,173.275,174.756,173.40,173.36,175.63,180.68,0.0,0.0,0.0,0.0,0.0,0.0,0.0,214.19333333333336,213.24,213.378,220.83,211.27,210.38,213.93,170.97000000000003,172.89249999999998,173.76399999999998,169.84,169.29,178.66,177.25,76.9,77.58500000000001,78.162,79.21,76.95,79.64,80.47,144.14000000000001,144.355,154.208,148.44,148.41,145.00,193.62
2021-09-04,211.73,172.35,169.57,0.0,143.74,123.61,94.04,98.15,75.35,82.48,91.77,97.45599999999999,123.83,0,119.64,120.20,100.46666666666665,100.66,100.668,101.57,101.68,101.24,100.70,92.35666666666667,91.6425,91.108,92.24,90.79,89.50,88.97,172.15333333333334,172.45499999999998,173.08999999999997,170.71,173.40,173.36,175.63,0.0,0.0,0.0,0.0,0.0,0.0,0.0,214.34666666666666,213.5775,212.93800000000002,210.48,220.83,211.27,210.38,171.06333333333336,170.62,172.228,173.78,169.84,169.29,178.66,76.36666666666666,76.5125,77.138,74.54,79.21,76.95,79.64,142.58333333333334,144.04,144.232,135.57,148.44,148.41,145.00
2021-09-11,204.70,174.56,168.68,0.0,147.89,117.78,92.78,97.42,78.80,121.74000000000001,91.305,96.97200000000001,123.61,123.83,0,119.64,99.04666666666667,99.705,100.012,98.15,101.57,101.68,101.24,93.02,92.4625,91.87,94.04,92.24,90.79,89.50,172.54,172.755,172.876,172.35,170.71,173.40,173.36,0.0,0.0,0.0,0.0,0.0,0.0,0.0,208.97,211.935,211.802,211.73,210.48,220.83,211.27,170.67666666666665,170.4675,170.232,169.57,173.78,169.84,169.29,76.23,76.975,76.97,75.35,74.54,79.21,76.95,142.4,143.91,144.81,143.74,135.57,148.44,148.41
2021-09-18,203.95,181.04,164.62,0.0,152.84,119.33,92.86,95.85,78.95,120.24000000000001,121.1375,96.91,117.78,123.61,123.83,0,97.14,98.24749999999999,98.934,97.42,98.15,101.57,101.68,93.22666666666667,92.98,92.542,92.78,94.04,92.24,90.79,175.98333333333332,174.665,174.41199999999998,174.56,172.35,170.71,173.40,0.0,0.0,0.0,0.0,0.0,0.0,0.0,206.7933333333333,207.71499999999997,210.33800000000002,204.70,211.73,210.48,220.83,167.62333333333333,169.1625,169.298,168.68,169.57,173.78,169.84,77.7,76.91,77.37,78.80,75.35,74.54,79.21,148.15666666666667,145.01,145.696,147.89,143.74,135.57,148.44
2021-09-25,210.30,177.76,161.88,0.0,142.91,120.20,91.16,95.96,79.51,119.10333333333334,120.23,120.95,119.33,117.78,123.61,123.83,96.41000000000001,96.845,97.79,95.85,97.42,98.15,101.57,92.26666666666667,92.71000000000001,92.616,92.86,92.78,94.04,92.24,177.78666666666666,176.42749999999998,175.284,181.04,174.56,172.35,170.71,0.0,0.0,0.0,0.0,0.0,0.0,0.0,206.3166666666667,207.67,208.23199999999997,203.95,204.70,211.73,210.48,165.06,166.1875,167.706,164.62,168.68,169.57,173.78,79.08666666666666,78.1525,77.43,78.95,78.80,75.35,74.54,147.88,146.845,144.58999999999997,152.84,147.89,143.74,135.57
2021-10-02,210.54,180.46,161.56,0.0,116.82,118.64,89.50,95.31,81.69,119.39,118.98750000000001,119.91199999999999,120.20,119.33,117.78,123.61,95.70666666666666,96.13499999999999,96.53799999999998,95.96,95.85,97.42,98.15,91.17333333333333,91.575,92.06800000000001,91.16,92.86,92.78,94.04,179.75333333333333,178.45499999999998,177.234,177.76,181.04,174.56,172.35,0.0,0.0,0.0,0.0,0.0,0.0,0.0,208.26333333333332,207.3725,208.244,210.30,203.95,204.70,211.73,162.68666666666667,164.185,165.262,161.88,164.62,168.68,169.57,80.05,79.7375,78.86,79.51,78.95,78.80,75.35,137.52333333333334,140.115,140.84,142.91,152.84,147.89,143.74
2021-10-09,208.58,172.81,153.22,0.0,147.83,117.03,86.30,89.91,78.22,118.62333333333333,118.8,118.596,118.64,120.20,119.33,117.78,93.72666666666667,94.2575,94.89,95.31,95.96,95.85,97.42,88.98666666666666,89.95499999999998,90.52000000000001,89.50,91.16,92.86,92.78,177.01,178.01749999999998,177.326,180.46,177.76,181.04,174.56,0.0,0.0,0.0,0.0,0.0,0.0,0.0,209.8066666666667,208.3425,207.61399999999998,210.54,210.30,203.95,204.70,158.88666666666666,160.32,161.99200000000002,161.56,161.88,164.62,168.68,79.80666666666667,79.5925,79.434,81.69,79.51,78.95,78.80,135.85333333333335,140.1,141.658,116.82,142.91,152.84,147.89
2021-10-16,0,0,0,0.0,149.51,118.36,84.86,89.75,76.53,118.00999999999999,118.5575,118.71199999999999,117.03,118.64,120.20,119.33,91.65666666666668,92.7325,93.356,89.91,95.31,95.96,95.85,86.88666666666667,87.955,88.936,86.30,89.50,91.16,92.86,117.75666666666667,132.7575,142.414,172.81,180.46,177.76,181.04,0.0,0.0,0.0,0.0,0.0,0.0,0.0,139.70666666666668,157.35500000000002,166.674,208.58,210.54,210.30,203.95,104.92666666666666,119.165,128.256,153.22,161.56,161.88,164.62,78.81333333333333,78.9875,78.98,78.22,81.69,79.51,78.95,138.0533333333333,139.26749999999998,141.982,147.83,116.82,142.91,152.84
2021-10-23,211.73,176.98,175.62,0.0,0,123.62,83.05,91.68,76.66,119.67,119.41250000000001,119.57000000000001,118.36,117.03,118.64,120.20,90.44666666666667,91.66250000000001,92.522,89.75,89.91,95.31,95.96,84.73666666666666,85.9275,86.974,84.86,86.30,89.50,91.16,116.59666666666665,132.5625,141.602,0,172.81,180.46,177.76,0.0,0.0,0.0,0.0,0.0,0.0,0.0,140.10333333333332,157.7125,168.23000000000002,0,208.58,210.54,210.30,109.61333333333334,122.6,130.456,0,153.22,161.56,161.88,77.13666666666667,78.275,78.522,76.53,78.22,81.69,79.51,99.11333333333334,103.53999999999999,111.41399999999999,149.51,147.83,116.82,142.91
2021-10-30,203.09,177.17,176.53,0.0,140.03,126.17,85.58,91.10,71.75,122.71666666666665,121.29499999999999,120.76400000000001,123.62,118.36,117.03,118.64,90.84333333333332,90.61000000000001,91.55,91.68,89.75,89.91,95.31,84.49666666666667,84.94749999999999,85.85799999999999,83.05,84.86,86.30,89.50,118.05,131.74,141.48399999999998,176.98,0,172.81,180.46,0.0,0.0,0.0,0.0,0.0,0.0,0.0,138.27333333333334,155.85000000000002,166.788,211.73,0,208.58,210.54,117.38333333333333,126.3425,133.38600000000002,175.62,0,153.22,161.56,74.98,75.79,76.97,76.66,76.53,78.22,81.69,96.51333333333332,109.3425,110.83800000000001,0,149.51,147.83,116.82
2021-11-06,209.17,186.43,190.14,0.0,145.62,122.42,88.07,0,74.23,124.07000000000001,122.6425,121.52000000000001,126.17,123.62,118.36,117.03,60.92666666666667,68.1325,72.48800000000001,91.10,91.68,89.75,89.91,85.56666666666666,85.39,85.57199999999999,85.58,83.05,84.86,86.30,180.1933333333333,135.14499999999998,142.678,177.17,176.98,0,172.81,0.0,0.0,0.0,0.0,0.0,0.0,0.0,207.99666666666667,155.9975,166.514,203.09,211.73,0,208.58,180.76333333333332,135.5725,139.102,176.53,175.62,0,153.22,74.21333333333334,74.79249999999999,75.478,71.75,76.66,76.53,78.22,95.21666666666665,108.78999999999999,116.598,140.03,0,149.51,147.83
2021-11-13,205.26,187.18,186.85,0.0,138.88,123.52,89.50,92.99,76.70,124.03666666666668,123.9325,122.81800000000001,122.42,126.17,123.62,118.36,61.36333333333332,68.9425,73.104,0,91.10,91.68,89.75,87.71666666666665,86.55,86.21199999999999,88.07,85.58,83.05,84.86,183.59333333333333,181.94,145.552,186.43,177.17,176.98,0,0.0,0.0,0.0,0.0,0.0,0.0,0.0,205.84,207.3125,165.85,209.17,203.09,211.73,0,184.50666666666666,182.285,145.82799999999997,190.14,176.53,175.62,0,74.22666666666667,74.83500000000001,75.174,74.23,71.75,76.66,76.53,141.51,106.1325,114.80799999999999,145.62,140.03,0,149.51
2021-11-20,223.46,185.48,180.46,0.0,131.28,126.65,92.14,98.24,78.55,124.19666666666666,124.69,124.476,123.52,122.42,126.17,123.62,63.74333333333333,70.5825,74.80199999999999,92.99,0,91.10,91.68,89.90333333333335,88.82249999999999,87.668,89.50,88.07,85.58,83.05,186.36333333333334,184.065,182.648,187.18,186.43,177.17,176.98,0.0,0.0,0.0,0.0,0.0,0.0,0.0,212.63,210.245,210.542,205.26,209.17,203.09,211.73,185.8166666666667,183.495,181.92,186.85,190.14,176.53,175.62,76.49333333333334,75.3075,75.578,76.70,74.23,71.75,76.66,138.59333333333333,138.9525,111.16199999999999,138.88,145.62,140.03,0
2021-11-27,224.98,185.18,170.54,0.0,148.79,125.57,96.12,100.66,81.61,125.24666666666667,124.54,124.86599999999999,126.65,123.52,122.42,126.17,97.29666666666667,72.9725,76.598,98.24,92.99,0,91.10,92.58666666666666,91.4575,90.282,92.14,89.50,88.07,85.58,185.9466666666667,186.0675,184.288,185.48,187.18,186.43,177.17,0.0,0.0,0.0,0.0,0.0,0.0,0.0,217.9,215.7175,213.192,223.46,205.26,209.17,203.09,179.28333333333333,181.9975,180.904,180.46,186.85,190.14,176.53,78.95333333333333,77.7725,76.56800000000001,78.55,76.70,74.23,71.75,139.64999999999998,141.14249999999998,140.92,131.28,138.88,145.62,140.03
2021-12-04,209.80,181.62,169.49,0.0,136.55,125.33,97.42,99.00,83.77,125.85000000000001,125.2675,124.69800000000001,125.57,126.65,123.52,122.42,99.3,97.7225,78.178,100.66,98.24,92.99,0,95.22666666666667,93.795,92.65,96.12,92.14,89.50,88.07,184.09333333333333,184.86499999999998,185.17800000000003,185.18,185.48,187.18,186.43,0.0,0.0,0.0,0.0,0.0,0.0,0.0,219.41333333333333,215.875,214.53400000000002,224.98,223.46,205.26,209.17,173.49666666666667,176.835,179.496,170.54,180.46,186.85,190.14,81.31,80.1575,78.97200000000001,81.61,78.55,76.70,74.23,138.87333333333333,138.875,140.224,148.79,131.28,138.88,145.62
2021-12-11,201.17,178.89,179.26,0.0,143.40,125.48,97.54,106.23,86.95,125.46,125.7575,125.30999999999999,125.33,125.57,126.65,123.52,101.96333333333332,101.0325,99.42399999999999,99.00,100.66,98.24,92.99,97.02666666666669,95.805,94.54400000000001,97.42,96.12,92.14,89.50,181.89666666666665,182.7925,183.67,181.62,185.18,185.48,187.18,0.0,0.0,0.0,0.0,0.0,0.0,0.0,211.98333333333335,214.8525,212.93400000000003,209.80,224.98,223.46,205.26,173.09666666666666,174.9375,177.32,169.49,170.54,180.46,186.85,84.11,82.72,81.51599999999999,83.77,81.61,78.55,76.70,142.91333333333333,140.005,139.78,136.55,148.79,131.28,138.88
2021-12-18,192.17,175.77,178.90,0.0,160.55,131.83,94.01,107.15,86.83,127.54666666666667,127.05250000000001,126.97200000000001,125.48,125.33,125.57,126.65,104.12666666666667,103.25999999999999,102.256,106.23,99.00,100.66,98.24,96.32333333333334,96.27250000000001,95.446,97.54,97.42,96.12,92.14,178.76,180.365,181.388,178.89,181.62,185.18,185.48,0.0,0.0,0.0,0.0,0.0,0.0,0.0,201.04666666666665,207.03,210.31599999999997,201.17,209.80,224.98,223.46,175.88333333333333,174.54749999999999,175.73000000000002,179.26,169.49,170.54,180.46,85.84999999999998,84.78999999999999,83.542,86.95,83.77,81.61,78.55,146.83333333333334,147.32250000000002,144.114,143.40,136.55,148.79,131.28
2021-12-25,195.20,167.91,172.21,0.0,158.49,137.55,94.21,111.38,86.98,131.62,130.0475,129.152,131.83,125.48,125.33,125.57,108.25333333333333,105.94,104.88399999999999,107.15,106.23,99.00,100.66,95.25333333333333,95.795,95.86000000000001,94.01,97.54,97.42,96.12,174.19000000000003,176.0475,177.874,175.77,178.89,181.62,185.18,0.0,0.0,0.0,0.0,0.0,0.0,0.0,196.17999999999998,199.585,204.664,192.17,201.17,209.80,224.98,176.79,174.965,174.08,178.90,179.26,169.49,170.54,86.92,86.1325,85.228,86.83,86.95,83.77,81.61,154.14666666666668,149.7475,149.556,160.55,143.40,136.55,148.79
2022-01-01,191.56,162.42,165.34,0.0,144.13,0,0,0,0,89.79333333333334,98.715,104.03800000000001,137.55,131.83,125.48,125.33,72.84333333333332,81.19,84.75200000000001,111.38,107.15,106.23,99.00,62.74,71.44,76.63600000000001,94.21,94.01,97.54,97.42,168.70000000000002,171.2475,173.322,167.91,175.77,178.89,181.62,0.0,0.0,0.0,0.0,0.0,0.0,0.0,192.97666666666666,195.02499999999998,197.98,195.20,192.17,201.17,209.80,172.15,173.9275,173.04000000000002,172.21,178.90,179.26,169.49,57.93666666666667,65.19,68.90599999999999,86.98,86.83,86.95,83.77,154.39000000000001,151.6425,148.624,158.49,160.55,143.40,136.55
2022-01-08,180.49,153.81,155.39,0.0,126.04,140.21,96.41,112.37,89.13,92.58666666666666,102.39750000000001,107.01400000000001,0,137.55,131.83,125.48,74.58333333333333,82.725,87.426,0,111.38,107.15,106.23,63.54,71.1575,76.434,0,94.21,94.01,97.54,161.38,164.97750000000002,167.76000000000002,162.42,167.91,175.77,178.89,0.0,0.0,0.0,0.0,0.0,0.0,0.0,189.08333333333334,189.855,192.118,191.56,195.20,192.17,201.17,164.31333333333336,167.96,170.22,165.34,172.21,178.90,179.26,58.70333333333334,65.735,69.978,0,86.98,86.83,86.95,142.88666666666668,147.3025,146.522,144.13,158.49,160.55,143.40
2022-01-15,175.82,151.42,152.10,0.0,129.16,142.55,97.92,112.60,89.91,94.25333333333333,105.0775,110.42800000000003,140.21,0,137.55,131.83,74.99,84.0875,88.7,112.37,0,111.38,107.15,64.77666666666666,72.135,76.51,96.41,0,94.21,94.01,155.88333333333333,158.89,162.26600000000002,153.81,162.42,167.91,175.77,0.0,0.0,0.0,0.0,0.0,0.0,0.0,182.62333333333333,185.7675,187.048,180.49,191.56,195.20,192.17,157.60999999999999,161.26,164.78799999999998,155.39,165.34,172.21,178.90,59.68,66.505,70.57000000000001,89.13,0,86.98,86.83,133.10999999999999,139.45499999999998,143.67400000000004,126.04,144.13,158.49,160.55
2022-01-22,166.24,148.01,146.52,0.0,120.57,142.85,100.07,109.38,88.30,141.87,106.4025,112.63199999999999,142.55,140.21,0,137.55,111.45,83.5875,89.14599999999999,112.60,112.37,0,111.38,98.13333333333333,73.6,77.72200000000001,97.92,96.41,0,94.21,151.08,153.915,156.714,151.42,153.81,162.42,167.91,0.0,0.0,0.0,0.0,0.0,0.0,0.0,174.18333333333337,178.5275,181.86200000000002,175.82,180.49,191.56,195.20,151.33666666666667,154.8375,158.31199999999998,152.10,155.39,165.34,172.21,89.11333333333333,66.835,70.86399999999999,89.91,89.13,0,86.98,125.25666666666666,129.975,135.678,129.16,126.04,144.13,158.49
2022-01-29,0,149.06,139.98,0.0,127.18,140.70,103.64,111.73,89.83,142.03333333333333,141.5775,113.26200000000001,142.85,142.55,140.21,0,111.23666666666666,111.52000000000001,89.216,109.38,112.60,112.37,0,100.54333333333334,99.50999999999999,79.60799999999999,100.07,97.92,96.41,0,149.49666666666667,150.575,152.94400000000002,148.01,151.42,153.81,162.42,0.0,0.0,0.0,0.0,0.0,0.0,0.0,114.02000000000002,130.63750000000002,142.822,166.24,175.82,180.49,191.56,146.20000000000002,148.4975,151.86599999999999,146.52,152.10,155.39,165.34,89.34666666666665,89.29249999999999,71.434,88.30,89.91,89.13,0,125.63666666666666,125.7375,129.416,120.57,129.16,126.04,144.13
2022-02-05,161.20,148.10,129.89,0.0,120.42,140.12,102.76,114.67,91.26,141.22333333333333,141.555,141.286,140.70,142.85,142.55,140.21,111.92666666666666,112.095,112.15,111.73,109.38,112.60,112.37,102.15666666666665,101.09750000000001,100.16,103.64,100.07,97.92,96.41,148.39000000000001,149.14749999999998,150.07999999999998,149.06,148.01,151.42,153.81,0.0,0.0,0.0,0.0,0.0,0.0,0.0,109.14666666666666,125.815,136.75,0,166.24,175.82,180.49,138.79666666666665,142.1225,144.776,139.98,146.52,152.10,155.39,89.79666666666667,89.82499999999999,89.686,89.83,88.30,89.91,89.13,122.72333333333334,124.33250000000001,124.674,127.18,120.57,129.16,126.04
2022-02-12,148.65,141.80,0,0.0,0,140.41,104.05,112.29,90.71,140.41,141.01999999999998,141.326,140.12,140.70,142.85,142.55,112.89666666666666,112.0175,112.13399999999999,114.67,111.73,109.38,112.60,103.48333333333333,102.63,101.688,102.76,103.64,100.07,97.92,146.32,146.7425,147.678,148.10,149.06,148.01,151.42,0.0,0.0,0.0,0.0,0.0,0.0,0.0,103.28333333333335,119.0225,130.382,161.20,0,166.24,175.82,89.95666666666666,104.0975,113.69800000000001,129.89,139.98,146.52,152.10,90.59999999999998,90.025,90.002,91.26,89.83,88.30,89.91,82.53333333333335,92.0425,99.46600000000001,120.42,127.18,120.57,129.16
2022-02-19,0,135.50,0,0.0,0,140.42,102.50,110.92,89.25,140.31666666666666,140.4125,140.89999999999998,140.41,140.12,140.70,142.85,112.62666666666667,112.4025,111.798,112.29,114.67,111.73,109.38,103.10333333333334,103.23750000000001,102.604,104.05,102.76,103.64,100.07,141.79999999999998,143.615,144.494,141.80,148.10,149.06,148.01,0.0,0.0,0.0,0.0,0.0,0.0,0.0,103.28333333333335,77.4625,95.21799999999999,148.65,161.20,0,166.24,43.29666666666666,67.4675,83.27799999999999,0,129.89,139.98,146.52,90.40666666666668,90.2625,89.86999999999999,90.71,91.26,89.83,88.30,40.14,61.900000000000006,73.634,0,120.42,127.18,120.57
2022-02-26,142.20,0,121.50,0.0,109.58,136.90,100.73,107.57,88.82,139.24333333333334,139.4625,139.70999999999998,140.42,140.41,140.12,140.70,110.25999999999999,111.3625,111.436,110.92,112.29,114.67,111.73,102.42666666666668,102.51,102.73599999999999,102.50,104.05,102.76,103.64,92.43333333333334,106.35,114.89200000000001,135.50,141.80,148.10,149.06,0.0,0.0,0.0,0.0,0.0,0.0,0.0,96.95,113.0125,90.41,0,148.65,161.20,0,40.5,62.8475,78.274,0,0,129.89,139.98,89.59333333333332,90.01,89.97399999999999,89.25,90.71,91.26,89.83,36.526666666666664,57.5,71.436,0,0,120.42,127.18
2022-03-05,0,132.14,0,0.0,0,136.39,97.09,105.15,87.26,137.90333333333334,138.53,138.848,136.90,140.42,140.41,140.12,107.88,108.9825,110.12,107.57,110.92,112.29,114.67,100.10666666666667,101.0925,101.426,100.73,102.50,104.05,102.76,89.21333333333332,102.36,111.508,0,135.50,141.80,148.10,0.0,0.0,0.0,0.0,0.0,0.0,0.0,47.4,72.7125,90.41,142.20,0,148.65,161.20,40.5,30.375,50.278,121.50,0,0,129.89,88.44333333333333,89.00999999999999,89.46,88.82,89.25,90.71,91.26,36.526666666666664,27.395,46.0,109.58,0,0,120.42
2022-03-12,0,0,0,0.0,100.59,136.57,92.29,102.56,84.89,136.62,137.57,138.13799999999998,136.39,136.90,140.42,140.41,105.09333333333332,106.55,107.69800000000001,105.15,107.57,110.92,112.29,96.70333333333333,98.1525,99.33200000000001,97.09,100.73,102.50,104.05,44.04666666666666,66.91,81.88799999999999,132.14,0,135.50,141.80,0.0,0.0,0.0,0.0,0.0,0.0,0.0,47.4,35.55,58.17,0,142.20,0,148.65,40.5,30.375,24.3,0,121.50,0,0,86.99000000000001,87.55499999999999,88.186,87.26,88.82,89.25,90.71,70.05666666666667,52.542500000000004,42.034000000000006,0,109.58,0,0
2022-03-19,0,0,0,0.0,0,134.07,88.97,99.61,81.34,135.67666666666665,135.98250000000002,136.86999999999998,136.57,136.39,136.90,140.42,102.44,103.7225,105.162,102.56,105.15,107.57,110.92,92.78333333333335,94.77000000000001,96.316,92.29,97.09,100.73,102.50,44.04666666666666,33.035,53.528,0,132.14,0,135.50,0.0,0.0,0.0,0.0,0.0,0.0,0.0,0.0,35.55,28.439999999999998,0,0,142.20,0,0.0,30.375,24.3,0,0,121.50,0,84.49666666666667,85.5775,86.312,84.89,87.26,88.82,89.25,33.53,52.542500000000004,42.034000000000006,100.59,0,109.58,0
2022-03-26,144.31,0,0,0.0,0,133.54,90.21,98.10,79.86,134.72666666666666,135.14249999999998,135.494,134.07,136.57,136.39,136.90,100.08999999999999,101.35499999999999,102.598,99.61,102.56,105.15,107.57,90.49000000000001,92.14,93.858,88.97,92.29,97.09,100.73,0.0,33.035,26.427999999999997,0,0,132.14,0,0.0,0.0,0.0,0.0,0.0,0.0,0.0,48.10333333333333,36.0775,57.302,0,0,0,142.20,0.0,0.0,24.3,0,0,0,121.50,82.03000000000002,83.3375,84.434,81.34,84.89,87.26,88.82,33.53,25.1475,42.034000000000006,0,100.59,0,109.58
2022-04-02,0,130.15,178.71,0.0,0,136.26,89.86,97.17,80.78,134.62333333333333,135.10999999999999,135.36599999999999,133.54,134.07,136.57,136.39,98.29333333333334,99.36,100.518,98.10,99.61,102.56,105.15,89.67999999999999,90.3325,91.684,90.21,88.97,92.29,97.09,43.38333333333333,32.5375,52.45799999999999,0,0,0,132.14,0.0,0.0,0.0,0.0,0.0,0.0,0.0,48.10333333333333,36.0775,28.862000000000002,144.31,0,0,0,59.57,44.6775,35.742000000000004,0,0,0,0,80.66000000000001,81.7175,82.826,79.86,81.34,84.89,87.26,0.0,25.1475,20.118000000000002,0,0,100.59,0
2022-04-09,225.79,242.09,265.10,0.0,0,131.71,90.92,99.95,79.25,133.83666666666667,133.89499999999998,134.43,136.26,133.54,134.07,136.57,98.40666666666665,98.70750000000001,99.478,97.17,98.10,99.61,102.56,90.33,89.99,90.45,89.86,90.21,88.97,92.29,124.08,93.06,74.44800000000001,130.15,0,0,0,0.0,0.0,0.0,0.0,0.0,0.0,0.0,123.36666666666667,92.525,74.02000000000001,0,144.31,0,0,147.9366666666667,110.95250000000001,88.76200000000001,178.71,0,0,0,79.96333333333332,80.3075,81.224,80.78,79.86,81.34,84.89,0.0,0.0,20.118000000000002,0,0,0,100.59
2022-04-16,236.80,272.04,227.47,0.0,199.62,0,91.42,97.99,80.37,89.32333333333334,100.3775,107.11599999999999,131.71,136.26,133.54,134.07,98.37,98.3025,98.564,99.95,97.17,98.10,99.61,90.73333333333335,90.60249999999999,90.276,90.92,89.86,90.21,88.97,214.76,161.07,128.856,242.09,130.15,0,0,0.0,0.0,0.0,0.0,0.0,0.0,0.0,154.1966666666667,151.725,121.38,225.79,0,144.31,0,223.76000000000002,167.82000000000002,134.25600000000003,265.10,178.71,0,0,80.13333333333333,80.065,80.32000000000001,79.25,80.78,79.86,81.34,66.54,49.905,39.924,0,0,0,0
2022-04-23,241.59,256.67,229.12,0.0,186.66,135.64,91.05,103.31,79.29,89.11666666666667,100.9025,107.42999999999999,0,131.71,136.26,133.54,100.41666666666667,99.605,99.304,97.99,99.95,97.17,98.10,91.13,90.8125,90.692,91.42,90.92,89.86,90.21,256.93333333333334,225.2375,180.19,272.04,242.09,130.15,0,0.0,0.0,0.0,0.0,0.0,0.0,0.0,234.7266666666667,176.04500000000002,169.698,236.80,225.79,0,144.31,240.56333333333336,225.10000000000002,180.08,227.47,265.10,178.71,0,79.63666666666667,79.9225,79.91,80.37,79.25,80.78,79.86,128.76,96.57,77.256,199.62,0,0,0
2022-04-30,238.82,215.41,203.41,0.0,198.70,133.41,90.25,102.49,80.26,89.68333333333332,100.19,107.404,135.64,0,131.71,136.26,101.26333333333334,100.935,100.18199999999999,103.31,97.99,99.95,97.17,90.90666666666665,90.91,90.7,91.05,91.42,90.92,89.86,248.04,246.5525,223.27200000000002,256.67,272.04,242.09,130.15,0.0,0.0,0.0,0.0,0.0,0.0,0.0,239.07000000000002,235.75,188.6,241.59,236.80,225.79,0,220.0,231.275,220.762,229.12,227.47,265.10,178.71,79.97333333333334,79.7925,79.99000000000001,79.29,80.37,79.25,80.78,194.99333333333334,146.245,116.99600000000001,186.66,199.62,0,0
2022-05-07,214.26,194.29,184.57,0.0,159.74,133.23,89.01,101.81,79.72,134.09333333333333,100.57,106.798,133.41,135.64,0,131.71,102.53666666666668,101.39999999999999,101.10999999999999,102.49,103.31,97.99,99.95,90.10333333333334,90.4325,90.53,90.25,91.05,91.42,90.92,222.12333333333333,234.60250000000002,236.1,215.41,256.67,272.04,242.09,0.0,0.0,0.0,0.0,0.0,0.0,0.0,231.55666666666664,232.8675,231.452,238.82,241.59,236.80,225.79,205.69999999999996,211.14249999999998,221.93400000000003,203.41,229.12,227.47,265.10,79.75666666666667,79.91,79.778,80.26,79.29,80.37,79.25,181.70000000000002,186.18,148.94400000000002,198.70,186.66,199.62,0
2022-05-14,197.65,185.60,175.92,0.0,172.29,128.29,87.31,99.62,81.16,131.64333333333332,132.64249999999998,106.11399999999999,133.23,133.41,135.64,0,101.30666666666667,101.8075,101.04400000000001,101.81,102.49,103.31,97.99,88.85666666666667,89.405,89.808,89.01,90.25,91.05,91.42,198.4333333333333,212.9925,224.802,194.29,215.41,256.67,272.04,0.0,0.0,0.0,0.0,0.0,0.0,0.0,216.91,223.07999999999998,225.82399999999998,214.26,238.82,241.59,236.80,187.96666666666667,198.255,204.098,184.57,203.41,229.12,227.47,80.38,80.1075,80.16,79.72,80.26,79.29,80.37,176.91,179.3475,183.402,159.74,198.70,186.66,199.62
2022-05-21,197.95,180.30,174.14,0.0,153.00,126.87,85.66,101.44,78.46,129.46333333333334,130.45,131.488,128.29,133.23,133.41,135.64,100.95666666666666,101.34,101.734,99.62,101.81,102.49,103.31,87.32666666666667,88.0575,88.65599999999999,87.31,89.01,90.25,91.05,186.73000000000002,193.9,206.454,185.60,194.29,215.41,256.67,0.0,0.0,0.0,0.0,0.0,0.0,0.0,203.28666666666666,212.17000000000002,218.054,197.65,214.26,238.82,241.59,178.21,184.51,193.432,175.92,184.57,203.41,229.12,79.78,79.89999999999999,79.77799999999999,81.16,79.72,80.26,79.29,161.67666666666665,170.9325,174.078,172.29,159.74,198.70,186.66
2022-05-28,187.06,180.88,180.78,0.0,152.05,122.14,85.06,95.75,74.77,125.76666666666667,127.63250000000001,128.78799999999998,126.87,128.29,133.23,133.41,98.93666666666667,99.655,100.22200000000001,101.44,99.62,101.81,102.49,86.00999999999999,86.76,87.458,85.66,87.31,89.01,90.25,182.26,185.2675,191.296,180.30,185.60,194.29,215.41,0.0,0.0,0.0,0.0,0.0,0.0,0.0,194.22,199.23,207.148,197.95,197.65,214.26,238.82,176.94666666666663,178.8525,183.76399999999998,174.14,175.92,184.57,203.41,78.13,78.5275,78.874,78.46,81.16,79.72,80.26,159.11333333333332,159.26999999999998,167.156,153.00,172.29,159.74,198.70
2022-06-04,189.99,189.27,191.63,0.0,230.65,120.37,84.15,96.02,74.54,123.12666666666667,124.4175,126.17999999999999,122.14,126.87,128.29,133.23,97.73666666666666,98.2075,98.928,95.75,101.44,99.62,101.81,84.95666666666666,85.54499999999999,86.238,85.06,85.66,87.31,89.01,183.48333333333335,184.0125,186.068,180.88,180.30,185.60,194.29,0.0,0.0,0.0,0.0,0.0,0.0,0.0,191.66666666666666,193.1625,197.382,187.06,197.95,197.65,214.26,182.1833333333333,180.61749999999998,181.408,180.78,174.14,175.92,184.57,75.92333333333333,77.2325,77.73,74.77,78.46,81.16,79.72,178.5666666666667,176.9975,173.546,152.05,153.00,172.29,159.74
2022-06-11,212.26,208.38,202.03,0.0,191.91,117.60,80.33,94.81,74.56,120.03666666666668,121.74499999999999,123.054,120.37,122.14,126.87,128.29,95.52666666666666,97.005,97.528,96.02,95.75,101.44,99.62,83.18,83.8,84.502,84.15,85.06,85.66,87.31,192.84333333333333,189.7075,188.886,189.27,180.88,180.30,185.60,0.0,0.0,0.0,0.0,0.0,0.0,0.0,196.43666666666664,196.815,196.98200000000003,189.99,187.06,197.95,197.65,191.48000000000002,187.14499999999998,184.9,191.63,180.78,174.14,175.92,74.62333333333333,75.5825,76.69800000000001,74.54,74.77,78.46,81.16,191.53666666666666,181.9025,179.98,230.65,152.05,153.00,172.29
2022-06-18,250.37,224.31,207.27,0.0,185.66,119.26,76.32,96.38,74.12,119.07666666666667,119.8425,121.248,117.60,120.37,122.14,126.87,95.73666666666666,95.74,96.88,94.81,96.02,95.75,101.44,80.26666666666667,81.465,82.304,80.33,84.15,85.06,85.66,207.32000000000002,200.70999999999998,196.62800000000001,208.38,189.27,180.88,180.30,0.0,0.0,0.0,0.0,0.0,0.0,0.0,217.54,209.92,207.52599999999998,212.26,189.99,187.06,197.95,200.31000000000003,195.4275,191.17,202.03,191.63,180.78,174.14,74.40666666666668,74.4975,75.29,74.56,74.54,74.77,78.46,202.74,190.0675,182.654,191.91,230.65,152.05,153.00
2022-06-25,258.02,216.62,203.85,0.0,251.88,124.67,89.01,92.81,72.34,120.51,120.475,120.80800000000002,119.26,117.60,120.37,122.14,94.66666666666667,95.005,95.15400000000001,96.38,94.81,96.02,95.75,81.88666666666667,82.4525,82.974,76.32,80.33,84.15,85.06,216.43666666666664,209.64499999999998,203.892,224.31,208.38,189.27,180.88,0.0,0.0,0.0,0.0,0.0,0.0,0.0,240.21666666666667,227.66,219.54000000000002,250.37,212.26,189.99,187.06,204.38333333333333,201.195,197.112,207.27,202.03,191.63,180.78,73.67333333333333,73.89,74.066,74.12,74.56,74.54,74.77,209.8166666666667,215.025,202.43,185.66,191.91,230.65,152.05
2022-07-02,257.45,213.37,198.41,0.0,163.33,124.40,75.58,93.28,68.49,122.77666666666666,121.4825,121.25999999999999,124.67,119.26,117.60,120.37,94.15666666666668,94.32000000000001,94.66,92.81,96.38,94.81,96.02,80.30333333333333,80.31,81.078,89.01,76.32,80.33,84.15,218.1,215.67000000000002,210.39000000000001,216.62,224.31,208.38,189.27,0.0,0.0,0.0,0.0,0.0,0.0,0.0,255.27999999999997,244.52499999999998,233.618,258.02,250.37,212.26,189.99,203.17666666666665,202.89,200.638,203.85,207.27,202.03,191.63,71.64999999999999,72.3775,72.81,72.34,74.12,74.56,74.54,200.29,198.195,204.68599999999998,251.88,185.66,191.91,230.65
2022-07-09,248.26,208.70,187.17,0.0,181.33,129.98,75.78,92.45,68.81,126.35000000000001,124.5775,123.18199999999999,124.40,124.67,119.26,117.60,92.84666666666668,93.73,93.946,93.28,92.81,96.38,94.81,80.12333333333333,79.1725,79.404,75.58,89.01,76.32,80.33,212.89666666666668,215.75,214.276,213.37,216.62,224.31,208.38,0.0,0.0,0.0,0.0,0.0,0.0,0.0,254.57666666666668,253.52499999999998,245.272,257.45,258.02,250.37,212.26,196.47666666666666,199.175,199.746,198.41,203.85,207.27,202.03,69.88,70.94,71.664,68.49,72.34,74.12,74.56,198.8466666666667,195.55,194.822,163.33,251.88,185.66,191.91
2022-07-16,236.69,205.16,180.06,0.0,176.21,130.36,76.57,94.08,70.89,128.24666666666667,127.35249999999999,125.73400000000001,129.98,124.40,124.67,119.26,93.27,93.155,93.8,92.45,93.28,92.81,96.38,75.97666666666667,79.235,78.652,75.78,75.58,89.01,76.32,209.07666666666668,210.9625,213.632,208.70,213.37,216.62,224.31,0.0,0.0,0.0,0.0,0.0,0.0,0.0,247.46666666666667,250.105,250.158,248.26,257.45,258.02,250.37,188.54666666666665,192.3725,195.352,187.17,198.41,203.85,207.27,69.39666666666666,70.1325,70.92999999999999,68.81,68.49,72.34,74.12,173.62333333333336,193.1875,191.68200000000002,181.33,163.33,251.88,185.66
2022-07-23,240.99,207.12,181.92,0.0,192.42,129.86,82.71,95.79,69.24,130.0666666666667,128.65,127.854,130.36,129.98,124.40,124.67,94.10666666666667,93.9,93.68199999999999,94.08,92.45,93.28,92.81,78.35333333333334,77.66,79.92999999999999,76.57,75.78,75.58,89.01,206.99333333333334,208.5875,210.19400000000002,205.16,208.70,213.37,216.62,0.0,0.0,0.0,0.0,0.0,0.0,0.0,241.98000000000002,245.8475,248.28199999999998,236.69,248.26,257.45,258.02,183.04999999999998,186.89,190.282,180.06,187.17,198.41,203.85,69.64666666666666,69.3575,69.954,70.89,68.81,68.49,72.34,183.32000000000002,178.32250000000002,193.03400000000002,176.21,181.33,163.33,251.88
2022-07-30,250.86,215.11,188.67,0.0,160.11,131.94,86.41,96.85,73.69,130.72,130.535,129.308,129.86,130.36,129.98,124.40,95.57333333333334,94.79249999999999,94.49,95.79,94.08,92.45,93.28,81.89666666666666,80.3675,79.41,82.71,76.57,75.78,75.58,209.13,209.0225,209.892,207.12,205.16,208.70,213.37,0.0,0.0,0.0,0.0,0.0,0.0,0.0,242.84666666666666,244.20000000000002,246.85,240.99,236.69,248.26,257.45,183.54999999999998,184.45499999999998,187.246,181.92,180.06,187.17,198.41,71.27333333333333,70.6575,70.224,69.24,70.89,68.81,68.49,176.24666666666667,177.5175,174.68,192.42,176.21,181.33,163.33
2022-08-06,250.88,209.95,188.79,0.0,169.72,132.98,85.65,100.12,79.13,131.59333333333333,131.285,131.024,131.94,129.86,130.36,129.98,97.58666666666666,96.71000000000001,95.858,96.85,95.79,94.08,92.45,84.92333333333333,82.835,81.424,86.41,82.71,76.57,75.78,210.7266666666667,209.335,209.208,215.11,207.12,205.16,208.70,0.0,0.0,0.0,0.0,0.0,0.0,0.0,247.57666666666668,244.855,245.53599999999997,250.86,240.99,236.69,248.26,186.45999999999995,184.85999999999999,185.32199999999997,188.67,181.92,180.06,187.17,74.02,73.2375,72.352,73.69,69.24,70.89,68.81,174.08333333333334,174.615,175.958,160.11,192.42,176.21,181.33
2022-08-13,245.05,211.61,187.41,0.0,169.27,139.06,86.95,99.01,80.33,134.66,133.46,132.84,132.98,131.94,129.86,130.36,98.66000000000001,97.94250000000001,97.17,100.12,96.85,95.79,94.08,86.33666666666666,85.42999999999999,83.658,85.65,86.41,82.71,76.57,212.22333333333336,210.94750000000002,209.79000000000002,209.95,215.11,207.12,205.16,0.0,0.0,0.0,0.0,0.0,0.0,0.0,248.92999999999998,246.945,244.894,250.88,250.86,240.99,236.69,188.29,186.6975,185.36999999999998,188.79,188.67,181.92,180.06,77.71666666666665,75.5975,74.65599999999999,79.13,73.69,69.24,70.89,166.36666666666667,172.88,173.546,169.72,160.11,192.42,176.21
2022-08-20,244.30,210.90,181.52,0.0,162.97,145.41,90.16,100.52,80.83,139.15,137.3475,135.85,139.06,132.98,131.94,129.86,99.88333333333334,99.125,98.458,99.01,100.12,96.85,95.79,87.58666666666666,87.2925,86.376,86.95,85.65,86.41,82.71,210.82000000000002,211.8925,210.93800000000002,211.61,209.95,215.11,207.12,0.0,0.0,0.0,0.0,0.0,0.0,0.0,246.74333333333334,247.7725,246.416,245.05,250.88,250.86,240.99,185.90666666666667,186.59749999999997,185.66199999999998,187.41,188.79,188.67,181.92,80.09666666666665,78.495,76.644,80.33,79.13,73.69,69.24,167.32000000000002,165.51749999999998,170.898,169.27,169.72,160.11,192.42
2022-08-27,245.61,212.01,182.06,0.0,173.79,142.78,94.80,104.87,82.00,142.41666666666666,140.0575,138.43400000000003,145.41,139.06,132.98,131.94,101.46666666666668,101.13,100.274,100.52,99.01,100.12,96.85,90.63666666666666,89.38999999999999,88.794,90.16,86.95,85.65,86.41,211.50666666666666,211.1175,211.916,210.90,211.61,209.95,215.11,0.0,0.0,0.0,0.0,0.0,0.0,0.0,244.98666666666668,246.46,247.34,244.30,245.05,250.88,250.86,183.66333333333333,184.945,185.69,181.52,187.41,188.79,188.67,81.05333333333333,80.57249999999999,79.196,80.83,80.33,79.13,73.69,168.67666666666665,168.9375,167.172,162.97,169.27,169.72,160.11
2022-09-03,245.11,216.24,185.75,0.0,167.52,145.59,96.08,106.52,88.21,144.59333333333333,143.20999999999998,141.164,142.78,145.41,139.06,132.98,103.96999999999998,102.72999999999999,102.208,104.87,100.52,99.01,100.12,93.68,91.9975,90.728,94.80,90.16,86.95,85.65,213.04999999999998,212.69,212.142,212.01,210.90,211.61,209.95,0.0,0.0,0.0,0.0,0.0,0.0,0.0,245.00666666666666,245.0175,246.19,245.61,244.30,245.05,250.88,183.11,184.185,185.106,182.06,181.52,187.41,188.79,83.67999999999999,82.8425,82.1,82.00,80.83,80.33,79.13,168.09333333333333,168.3875,168.654,173.79,162.97,169.27,169.72
2022-09-10,235.43,212.39,182.92,0.0,163.41,0,97.70,107.18,91.85,96.12333333333333,108.44500000000001,114.56799999999998,145.59,142.78,145.41,139.06,106.19000000000001,104.7725,103.62,106.52,104.87,100.52,99.01,96.19333333333333,94.685,93.138,96.08,94.80,90.16,86.95,213.54666666666665,212.885,212.63000000000002,216.24,212.01,210.90,211.61,0.0,0.0,0.0,0.0,0.0,0.0,0.0,242.05000000000004,242.6125,243.1,245.11,245.61,244.30,245.05,183.57666666666668,183.0625,183.932,185.75,182.06,181.52,187.41,87.35333333333331,85.7225,84.64399999999999,88.21,82.00,80.83,80.33,168.24,166.9225,167.392,167.52,173.79,162.97,169.27
2022-09-17,227.83,202.41,173.07,0.0,183.01,139.92,97.15,114.42,94.25,95.17,107.07249999999999,114.74000000000001,0,145.59,142.78,145.41,109.37333333333333,108.2475,106.702,107.18,106.52,104.87,100.52,96.97666666666667,96.4325,95.178,97.70,96.08,94.80,90.16,210.34666666666666,210.7625,210.79000000000002,212.39,216.24,212.01,210.90,0.0,0.0,0.0,0.0,0.0,0.0,0.0,236.12333333333333,238.495,239.65600000000003,235.43,245.11,245.61,244.30,180.58,180.95000000000002,181.06400000000002,182.92,185.75,182.06,181.52,91.43666666666665,89.07749999999999,87.428,91.85,88.21,82.00,80.83,171.31333333333336,171.9325,170.14,163.41,167.52,173.79,162.97
2022-09-24,215.71,195.06,169.95,0.0,156.40,138.81,98.97,113.02,91.55,92.91000000000001,106.08000000000001,113.42,139.92,0,145.59,142.78,111.54,110.285,109.202,114.42,107.18,106.52,104.87,97.94000000000001,97.47500000000001,96.94000000000001,97.15,97.70,96.08,94.80,203.28666666666666,206.525,207.62199999999999,202.41,212.39,216.24,212.01,0.0,0.0,0.0,0.0,0.0,0.0,0.0,226.32333333333335,231.02,233.93800000000002,227.83,235.43,245.11,245.61,175.3133333333333,177.92249999999999,178.74999999999997,173.07,182.92,185.75,182.06,92.55,91.46499999999999,89.57199999999999,94.25,91.85,88.21,82.00,167.60666666666665,167.585,168.82600000000002,183.01,163.41,167.52,173.79
2022-10-01,212.43,193.12,175.35,0.0,176.93,135.56,100.09,111.08,90.21,138.09666666666666,103.57249999999999,111.976,138.81,139.92,0,145.59,112.83999999999999,111.42500000000001,110.444,113.02,114.42,107.18,106.52,98.73666666666668,98.47749999999999,97.998,98.97,97.15,97.70,96.08,196.86333333333334,200.745,203.844,195.06,202.41,212.39,216.24,0.0,0.0,0.0,0.0,0.0,0.0,0.0,218.65666666666667,222.85000000000002,227.302,215.71,227.83,235.43,245.11,172.79,175.3225,177.408,169.95,173.07,182.92,185.75,92.00333333333333,91.96499999999999,91.214,91.55,94.25,91.85,88.21,172.11333333333332,169.9375,169.454,156.40,183.01,163.41,167.52
2022-10-08,0,0,0,0.0,0,131.33,96.97,111.87,86.26,135.23333333333335,136.405,109.124,135.56,138.81,139.92,0,111.99,112.5975,111.51399999999998,111.08,113.02,114.42,107.18,98.67666666666666,98.295,98.176,100.09,98.97,97.15,97.70,129.39333333333335,147.6475,160.596,193.12,195.06,202.41,212.39,0.0,0.0,0.0,0.0,0.0,0.0,0.0,142.71333333333334,163.9925,178.28000000000003,212.43,215.71,227.83,235.43,115.09999999999998,129.5925,140.25799999999998,175.35,169.95,173.07,182.92,89.33999999999999,90.5675,90.824,90.21,91.55,94.25,91.85,111.11,129.085,135.95,176.93,156.40,183.01,163.41
2022-10-15,216.64,201.39,181.29,0.0,157.05,131.03,98.31,112.55,85.60,132.64,134.1825,135.32999999999998,131.33,135.56,138.81,139.92,111.83333333333333,112.13,112.588,111.87,111.08,113.02,114.42,98.45666666666666,98.585,98.298,96.97,100.09,98.97,97.15,131.50333333333333,147.3925,158.39600000000002,0,193.12,195.06,202.41,0.0,0.0,0.0,0.0,0.0,0.0,0.0,143.02333333333334,161.195,174.522,0,212.43,215.71,227.83,118.88,131.64749999999998,139.932,0,175.35,169.95,173.07,87.35666666666667,88.405,89.574,86.26,90.21,91.55,94.25,111.32666666666667,122.59500000000001,134.67800000000003,0,176.93,156.40,183.01
2022-10-22,218.39,203.47,185.36,0.0,120.93,130.04,102.40,110.92,85.98,130.8,131.99,133.35399999999998,131.03,131.33,135.56,138.81,111.78000000000002,111.605,111.888,112.55,111.87,111.08,113.02,99.22666666666667,99.4425,99.348,98.31,96.97,100.09,98.97,134.95333333333335,149.495,158.608,201.39,0,193.12,195.06,0.0,0.0,0.0,0.0,0.0,0.0,0.0,145.01,161.865,172.63400000000001,216.64,0,212.43,215.71,122.21666666666665,135.5,142.39,181.29,0,175.35,169.95,85.94666666666667,87.0125,87.92,85.60,86.26,90.21,91.55,92.66000000000001,113.7275,122.26200000000001,157.05,0,176.93,156.40
2022-10-29,225.98,195.48,184.07,0.0,158.58,135.07,106.58,0,93.75,132.04666666666665,131.8675,132.606,130.04,131.03,131.33,135.56,74.49000000000001,83.83500000000001,89.28399999999999,110.92,112.55,111.87,111.08,102.43,101.065,100.86999999999999,102.40,98.31,96.97,100.09,200.11333333333332,150.08499999999998,158.69199999999998,203.47,201.39,0,193.12,0.0,0.0,0.0,0.0,0.0,0.0,0.0,220.33666666666667,165.2525,174.688,218.39,216.64,0,212.43,183.57333333333335,137.68,145.214,185.36,181.29,0,175.35,88.44333333333334,87.89750000000001,88.36,85.98,85.60,86.26,90.21,145.52,109.14000000000001,122.69800000000001,120.93,157.05,0,176.93
2022-11-05,209.49,194.02,179.15,0.0,0,136.82,111.77,117.48,101.22,133.97666666666666,133.24,132.858,135.07,130.04,131.03,131.33,76.13333333333334,85.2375,90.564,0,110.92,112.55,111.87,106.91666666666667,104.765,103.20599999999999,106.58,102.40,98.31,96.97,197.65666666666667,198.58999999999997,158.87199999999999,195.48,203.47,201.39,0,0.0,0.0,0.0,0.0,0.0,0.0,0.0,217.95333333333335,217.625,174.1,225.98,218.39,216.64,0,182.86,182.4675,145.974,184.07,185.36,181.29,0,93.64999999999999,91.6375,90.562,93.75,85.98,85.60,86.26,93.17,109.14000000000001,87.31200000000001,158.58,120.93,157.05,0
2022-11-12,214.24,188.18,172.92,0.0,147.10,138.94,114.44,123.02,106.58,136.94333333333333,135.2175,134.38,136.82,135.07,130.04,131.03,80.16666666666667,87.85499999999999,92.79400000000001,117.48,0,110.92,112.55,110.92999999999999,108.7975,106.7,111.77,106.58,102.40,98.31,192.55999999999997,195.2875,196.50799999999998,194.02,195.48,203.47,201.39,0.0,0.0,0.0,0.0,0.0,0.0,0.0,216.57000000000002,217.025,216.948,209.49,225.98,218.39,216.64,178.71333333333334,180.375,180.558,179.15,184.07,185.36,181.29,100.51666666666667,96.8825,94.626,101.22,93.75,85.98,85.60,101.89333333333333,106.6525,116.73200000000001,0,158.58,120.93,157.05
2022-11-19,206.67,184.06,170.99,0.0,0,138.05,114.55,120.42,108.87,137.93666666666667,137.22,135.78400000000002,138.94,136.82,135.07,130.04,120.30666666666667,90.23,94.368,123.02,117.48,0,110.92,113.58666666666666,111.835,109.94800000000001,114.44,111.77,106.58,102.40,188.75333333333333,190.435,193.042,188.18,194.02,195.48,203.47,0.0,0.0,0.0,0.0,0.0,0.0,0.0,210.13333333333333,214.095,214.954,214.24,209.49,225.98,218.39,174.35333333333332,176.7825,178.498,172.92,179.15,184.07,185.36,105.55666666666667,102.60499999999999,99.28,106.58,101.22,93.75,85.98,49.03333333333333,76.42,85.322,147.10,0,158.58,120.93
2022-11-26,204.60,181.44,167.87,0.0,160.96,135.27,112.21,118.85,102.97,137.42,137.27,136.83,138.05,138.94,136.82,135.07,120.76333333333332,119.9425,95.954,120.42,123.02,117.48,0,113.73333333333333,113.24249999999999,111.91,114.55,114.44,111.77,106.58,184.56000000000003,186.925,188.636,184.06,188.18,194.02,195.48,0.0,0.0,0.0,0.0,0.0,0.0,0.0,208.50333333333333,208.75,212.196,206.67,214.24,209.49,225.98,170.59333333333333,172.7325,175.0,170.99,172.92,179.15,184.07,106.14,104.91,102.678,108.87,106.58,101.22,93.75,102.68666666666667,77.015,93.328,0,147.10,0,158.58
2022-12-03,196.36,175.94,169.76,0.0,141.25,134.92,109.60,114.82,99.33,136.08,136.79500000000002,136.8,135.27,138.05,138.94,136.82,118.02999999999999,119.27749999999999,118.91799999999998,118.85,120.42,123.02,117.48,112.12,112.69999999999999,112.51399999999998,112.21,114.55,114.44,111.77,180.48,182.40500000000003,184.728,181.44,184.06,188.18,194.02,0.0,0.0,0.0,0.0,0.0,0.0,0.0,202.54333333333332,205.4675,206.27200000000002,204.60,206.67,214.24,209.49,169.54,170.385,172.13799999999998,167.87,170.99,172.92,179.15,103.72333333333334,104.4375,103.79400000000001,102.97,108.87,106.58,101.22,100.73666666666668,112.3275,89.862,160.96,0,147.10,0
2022-12-10,192.30,172.12,172.28,0.0,153.94,132.28,107.47,111.85,97.11,134.15666666666667,135.13,135.892,134.92,135.27,138.05,138.94,115.17333333333333,116.485,117.792,114.82,118.85,120.42,123.02,109.75999999999999,110.9575,111.654,109.60,112.21,114.55,114.44,176.5,178.39,180.348,175.94,181.44,184.06,188.18,0.0,0.0,0.0,0.0,0.0,0.0,0.0,197.75333333333333,199.9825,202.834,196.36,204.60,206.67,214.24,169.97,170.22500000000002,170.76399999999998,169.76,167.87,170.99,172.92,99.80333333333334,102.07,102.97200000000001,99.33,102.97,108.87,106.58,152.04999999999998,114.03750000000001,120.65,141.25,160.96,0,147.10
2022-12-17,183.74,162.55,166.57,0.0,131.39,133.14,109.70,115.58,99.52,133.4466666666667,133.9025,134.732,132.28,134.92,135.27,138.05,114.08333333333333,115.27499999999999,116.304,111.85,114.82,118.85,120.42,108.92333333333333,109.74499999999999,110.70599999999999,107.47,109.60,112.21,114.55,170.20333333333335,173.01250000000002,175.222,172.12,175.94,181.44,184.06,0.0,0.0,0.0,0.0,0.0,0.0,0.0,190.79999999999998,194.25,196.734,192.30,196.36,204.60,206.67,169.53666666666666,169.12,169.494,172.28,169.76,167.87,170.99,98.65333333333332,99.73249999999999,101.55999999999999,97.11,99.33,102.97,108.87,142.1933333333333,146.885,117.508,153.94,141.25,160.96,0
2022-12-24,184.51,160.73,158.95,0.0,148.94,139.19,111.37,119.02,103.79,134.87,134.8825,134.95999999999998,133.14,132.28,134.92,135.27,115.48333333333333,115.3175,116.024,115.58,111.85,114.82,118.85,109.51333333333334,109.535,110.07000000000001,109.70,107.47,109.60,112.21,165.13333333333335,167.835,170.55599999999998,162.55,172.12,175.94,181.44,0.0,0.0,0.0,0.0,0.0,0.0,0.0,186.85,189.2275,192.302,183.74,192.30,196.36,204.60,165.93333333333334,166.89,167.086,166.57,172.28,169.76,167.87,100.14,99.9375,100.544,99.52,97.11,99.33,102.97,144.75666666666666,143.88,147.296,131.39,153.94,141.25,160.96
2022-12-31,180.61,155.85,154.78,0.0,123.40,0,112.13,0,104.56,90.77666666666669,101.1525,107.90599999999999,139.19,133.14,132.28,134.92,78.19999999999999,86.6125,92.25399999999999,119.02,115.58,111.85,114.82,111.06666666666666,110.16749999999999,110.054,111.37,109.70,107.47,109.60,159.71,162.8125,165.43800000000002,160.73,162.55,172.12,175.94,0.0,0.0,0.0,0.0,0.0,0.0,0.0,182.95333333333335,185.29,187.50400000000002,184.51,183.74,192.30,196.36,160.1,163.145,164.46800000000002,158.95,166.57,172.28,169.76,102.62333333333333,101.245,100.862,103.79,99.52,97.11,99.33,134.57666666666668,139.4175,139.784,148.94,131.39,153.94,141.25
2023-01-07,167.96,147.71,150.71,0.0,118.65,141.67,112.7,120.44,104.35,93.62,103.5,109.256,0,139.19,133.14,132.28,79.82,88.75999999999999,93.378,0,119.02,115.58,111.85,112.06666666666668,111.475,110.674,112.13,111.37,109.70,107.47,154.76333333333335,156.71,159.79199999999997,155.85,160.73,162.55,172.12,0.0,0.0,0.0,0.0,0.0,0.0,0.0,177.69333333333336,179.205,181.824,180.61,184.51,183.74,192.30,154.81333333333333,157.7525,160.658,154.78,158.95,166.57,172.28,104.23333333333333,103.055,101.86600000000001,104.56,103.79,99.52,97.11,130.33,130.595,135.26399999999998,123.40,148.94,131.39,153.94
2023-01-14,162.08,144.66,145.15,0.0,134.87,143.83,113.77,120.92,105.31,95.16666666666667,106.17250000000001,111.566,141.67,0,139.19,133.14,80.45333333333333,90.095,95.19200000000001,120.44,0,119.02,115.58,112.86666666666667,112.4925,111.934,112.7,112.13,111.37,109.70,149.40666666666667,152.2375,154.3,147.71,155.85,160.73,162.55,0.0,0.0,0.0,0.0,0.0,0.0,0.0,170.2166666666667,173.79000000000002,175.78,167.96,180.61,184.51,183.74,150.21333333333334,152.3975,155.23200000000003,150.71,154.78,158.95,166.57,104.74,104.5025,103.506,104.35,104.56,103.79,99.52,125.64,131.465,131.45,118.65,123.40,148.94,131.39
2023-01-21,152.02,139.6,138.39,0.0,114.83,143.28,114.9,126.78,108.78,142.92666666666665,107.195,113.59400000000001,143.83,141.67,0,139.19,122.71333333333332,92.035,97.43199999999999,120.92,120.44,0,119.02,113.79,113.375,112.974,113.77,112.7,112.13,111.37,143.98999999999998,146.95499999999998,149.70999999999998,144.66,147.71,155.85,160.73,0.0,0.0,0.0,0.0,0.0,0.0,0.0,160.6866666666667,165.66750000000002,169.436,162.08,167.96,180.61,184.51,144.75,147.2575,149.596,145.15,150.71,154.78,158.95,106.14666666666666,105.75,105.35799999999999,105.31,104.35,104.56,103.79,122.78333333333335,122.9375,128.138,134.87,118.65,123.40,148.94
2023-01-28,153.55,140.58,140.01,0.0,119.41,149.40,117.51,126.11,111.19,145.50333333333336,144.545,115.636,143.28,143.83,141.67,0,124.60333333333334,123.5625,98.85,126.78,120.92,120.44,0,115.39333333333333,114.72,114.202,114.9,113.77,112.7,112.13,141.61333333333334,143.1375,145.68,139.6,144.66,147.71,155.85,0.0,0.0,0.0,0.0,0.0,0.0,0.0,155.88333333333335,158.90250000000003,163.244,152.02,162.08,167.96,180.61,141.1833333333333,143.565,145.808,138.39,145.15,150.71,154.78,108.42666666666668,107.4075,106.83800000000001,108.78,105.31,104.35,104.56,123.03666666666668,121.94000000000001,122.232,114.83,134.87,118.65,123.40
2023-02-04,148.16,141.62,132.78,0.0,0,151.29,118.64,129.83,113.39,147.99,146.95,145.894,149.40,143.28,143.83,141.67,127.57333333333334,125.91000000000001,124.81599999999999,126.11,126.78,120.92,120.44,117.01666666666667,116.205,115.50399999999999,117.51,114.9,113.77,112.7,140.60000000000002,141.615,142.834,140.58,139.6,144.66,147.71,0.0,0.0,0.0,0.0,0.0,0.0,0.0,151.24333333333334,153.95250000000001,156.754,153.55,152.02,162.08,167.96,137.06,139.08249999999998,141.408,140.01,138.39,145.15,150.71,111.12,109.66749999999999,108.604,111.19,108.78,105.31,104.35,78.08,92.2775,97.55199999999999,119.41,114.83,134.87,118.65
2023-02-11,148.58,140.69,132.89,0.0,116.08,152.09,119.22,129.15,117.79,150.92666666666668,149.015,147.978,151.29,149.40,143.28,143.83,128.36333333333334,127.9675,126.55799999999999,129.83,126.11,126.78,120.92,118.45666666666666,117.5675,116.80799999999999,118.64,117.51,114.9,113.77,140.96333333333334,140.6225,141.43,141.62,140.58,139.6,144.66,0.0,0.0,0.0,0.0,0.0,0.0,0.0,150.09666666666666,150.5775,152.878,148.16,153.55,152.02,162.08,135.22666666666666,136.01749999999998,137.844,132.78,140.01,138.39,145.15,114.12333333333333,112.78750000000001,111.292,113.39,111.19,108.78,105.31,78.49666666666667,87.58,97.03800000000001,0,119.41,114.83,134.87
2023-02-18,153.26,139.48,132.68,0.0,0,150.34,117.60,127.83,115.73,151.24,150.78,149.28,152.09,151.29,149.40,143.28,128.93666666666667,128.23000000000002,127.94000000000001,129.15,129.83,126.11,126.78,118.48666666666666,118.2425,117.574,119.22,118.64,117.51,114.9,140.59666666666666,140.5925,140.39399999999998,140.69,141.62,140.58,139.6,0.0,0.0,0.0,0.0,0.0,0.0,0.0,150.0,150.8875,151.114,148.58,148.16,153.55,152.02,132.78333333333333,134.59,135.35,132.89,132.78,140.01,138.39,115.63666666666666,114.525,113.376,117.79,113.39,111.19,108.78,38.693333333333335,58.8725,70.06400000000001,116.08,0,119.41,114.83
2023-02-25,0,0,0,0.0,0,147.46,117.15,128.06,112.18,149.96333333333334,150.29500000000002,150.116,150.34,152.09,151.29,149.40,128.34666666666666,128.71750000000003,128.196,127.83,129.15,129.83,126.11,117.99000000000001,118.1525,118.024,117.60,119.22,118.64,117.51,93.38999999999999,105.44749999999999,112.474,139.48,140.69,141.62,140.58,0.0,0.0,0.0,0.0,0.0,0.0,0.0,100.61333333333334,112.5,120.71,153.26,148.58,148.16,153.55,88.52333333333333,99.5875,107.67199999999998,132.68,132.89,132.78,140.01,115.23333333333335,114.77250000000001,114.056,115.73,117.79,113.39,111.19,38.693333333333335,29.02,47.098,0,116.08,0,119.41
2023-03-04,149.57,134.52,130.25,0.0,0,145.36,116.79,125.11,109.2,147.72,148.8125,149.30800000000002,147.46,150.34,152.09,151.29,127.0,127.53750000000001,127.99600000000001,128.06,127.83,129.15,129.83,117.17999999999999,117.69,117.88,117.15,117.60,119.22,118.64,91.33333333333333,103.6725,111.26199999999999,0,139.48,140.69,141.62,0.0,0.0,0.0,0.0,0.0,0.0,0.0,100.94333333333333,112.8525,119.91399999999999,0,153.26,148.58,148.16,87.64333333333333,98.955,105.71999999999998,0,132.68,132.89,132.78,112.37,113.72500000000001,113.65799999999999,112.18,115.73,117.79,113.39,0.0,29.02,23.216,0,0,116.08,0
2023-03-11,140.14,135.90,139.16,0.0,0,144.67,114.55,125.58,108.45,145.83,146.95749999999998,147.98399999999998,145.36,147.46,150.34,152.09,126.25,126.645,127.146,125.11,128.06,127.83,129.15,116.16333333333334,116.52250000000001,117.06200000000001,116.79,117.15,117.60,119.22,90.14,102.475,110.11800000000001,134.52,0,139.48,140.69,0.0,0.0,0.0,0.0,0.0,0.0,0.0,96.57,110.74249999999999,118.30999999999999,149.57,0,153.26,148.58,89.80333333333333,100.52250000000001,106.99600000000001,130.25,0,132.68,132.89,109.94333333333334,111.39,112.67,109.2,112.18,115.73,117.79,0.0,0.0,23.216,0,0,0,116.08
2023-03-18,0,0,0,0.0,0,142.8,113.71,122.49,106.86,144.27666666666667,145.0725,146.12600000000003,144.67,145.36,147.46,150.34,124.39333333333333,125.31,125.81400000000001,125.58,125.11,128.06,127.83,115.01666666666665,115.55,115.96,114.55,116.79,117.15,117.60,90.14,67.60499999999999,81.97999999999999,135.90,134.52,0,139.48,0.0,0.0,0.0,0.0,0.0,0.0,0.0,96.57,72.4275,88.594,140.14,149.57,0,153.26,89.80333333333333,67.35249999999999,80.418,139.16,130.25,0,132.68,108.17,109.1725,110.48400000000001,108.45,109.2,112.18,115.73,0.0,0.0,0.0,0,0,0,0
2023-03-25,149.89,139.38,154.42,0.0,0,142.18,112.46,124.26,109.27,143.21666666666667,143.7525,144.494,142.8,144.67,145.36,147.46,124.11,124.36,125.1,122.49,125.58,125.11,128.06,113.57333333333332,114.3775,114.93199999999999,113.71,114.55,116.79,117.15,91.75999999999999,102.44999999999999,81.96,0,135.90,134.52,0,0.0,0.0,0.0,0.0,0.0,0.0,0.0,96.67666666666666,109.89999999999999,87.91999999999999,0,140.14,149.57,0,97.86,105.9575,84.76599999999999,0,139.16,130.25,0,108.19333333333334,108.445,109.19200000000001,106.86,108.45,109.2,112.18,0.0,0.0,0.0,0,0,0,0
2023-04-01,0,171.99,199.27,0.0,0,139.84,110.02,118.85,107.84,141.60666666666668,142.3725,142.97,142.18,142.8,144.67,145.36,121.86666666666667,122.79499999999999,123.258,124.26,122.49,125.58,125.11,112.06333333333332,112.685,113.506,112.46,113.71,114.55,116.79,103.79,111.8175,116.35799999999999,139.38,0,135.90,134.52,0.0,0.0,0.0,0.0,0.0,0.0,0.0,49.96333333333333,72.5075,87.91999999999999,149.89,0,140.14,149.57,117.89666666666666,123.2125,124.62,154.42,0,139.16,130.25,107.99000000000001,108.105,108.324,109.27,106.86,108.45,109.2,0.0,0.0,0.0,0,0,0,0
2023-04-08,199.49,215.23,201.48,0.0,193.93,0,108.89,123.11,105.21,94.00666666666666,106.20500000000001,113.898,139.84,142.18,142.8,144.67,122.07333333333332,122.1775,122.85799999999999,118.85,124.26,122.49,125.58,110.45666666666666,111.27,111.926,110.02,112.46,113.71,114.55,175.53333333333333,131.65,132.5,171.99,139.38,0,135.90,0.0,0.0,0.0,0.0,0.0,0.0,0.0,116.46,87.345,97.904,0,149.89,0,140.14,185.05666666666664,138.79250000000002,138.86599999999999,199.27,154.42,0,139.16,107.44,107.295,107.526,107.84,109.27,106.86,108.45,64.64333333333333,48.4825,38.786,0,0,0,0
2023-04-15,184.54,222.77,188.18,0.0,226.70,137.80,108.61,123.49,105.15,92.54666666666667,104.95500000000001,112.524,0,139.84,142.18,142.8,121.81666666666666,122.4275,122.44000000000001,123.11,118.85,124.26,122.49,109.17333333333333,109.995,110.73800000000001,108.89,110.02,112.46,113.71,203.33,187.3425,149.874,215.23,171.99,139.38,0,0.0,0.0,0.0,0.0,0.0,0.0,0.0,128.01,133.48,106.78399999999999,199.49,0,149.89,0,196.31000000000003,185.8375,148.67000000000002,201.48,199.27,154.42,0,106.06666666666666,106.8675,106.86600000000001,105.21,107.84,109.27,106.86,140.21,105.1575,84.126,193.93,0,0,0
2023-04-22,197.09,213.97,182.95,0.0,162.07,138.16,110.92,122.44,104.91,91.98666666666668,103.95,111.596,137.80,0,139.84,142.18,123.01333333333332,121.9725,122.42999999999999,123.49,123.11,118.85,124.26,109.47333333333334,109.61,110.17999999999999,108.61,108.89,110.02,112.46,217.32333333333335,205.99,192.668,222.77,215.23,171.99,139.38,0.0,0.0,0.0,0.0,0.0,0.0,0.0,193.70666666666668,145.28,146.202,184.54,199.49,0,149.89,190.87,192.97000000000003,185.26,188.18,201.48,199.27,154.42,105.08999999999999,105.7775,106.476,105.15,105.21,107.84,109.27,194.23333333333335,145.675,116.54,226.70,193.93,0,0
2023-04-29,200.11,200.93,176.79,0.0,201.24,137.79,109.33,120.78,106.45,137.91666666666666,103.4375,110.718,138.16,137.80,0,139.84,122.23666666666666,122.45499999999998,121.734,122.44,123.49,123.11,118.85,109.62,109.4375,109.554,110.92,108.61,108.89,110.02,212.55666666666664,213.22500000000002,204.978,213.97,222.77,215.23,171.99,0.0,0.0,0.0,0.0,0.0,0.0,0.0,193.91333333333333,195.3075,156.246,197.09,184.54,199.49,0,182.64,187.35,189.73399999999998,182.95,188.18,201.48,199.27,105.50333333333333,105.42999999999999,105.912,104.91,105.15,105.21,107.84,196.67,195.985,156.788,162.07,226.70,193.93,0
2023-05-06,189.32,193.24,175.95,0.0,160.77,138.95,107.34,117.55,107.99,138.29999999999998,138.175,110.53999999999999,137.79,138.16,137.80,0,120.25666666666666,121.065,121.474,120.78,122.44,123.49,123.11,109.19666666666667,109.05,109.018,109.33,110.92,108.61,108.89,202.71333333333334,207.72750000000002,209.228,200.93,213.97,222.77,215.23,0.0,0.0,0.0,0.0,0.0,0.0,0.0,195.50666666666666,192.765,194.10999999999999,200.11,197.09,184.54,199.49,178.56333333333336,180.9675,185.07,176.79,182.95,188.18,201.48,106.44999999999999,106.125,105.94200000000001,106.45,104.91,105.15,105.21,174.69333333333336,187.695,188.942,201.24,162.07,226.70,193.93
2023-05-13,194.3,190.91,181.91,0.0,158.89,135.98,103.28,115.51,104.58,137.57333333333335,137.71999999999997,137.736,138.95,137.79,138.16,137.80,117.94666666666667,119.07,119.954,117.55,120.78,122.44,123.49,106.64999999999999,107.7175,107.896,107.34,109.33,110.92,108.61,195.02666666666664,199.76250000000002,204.364,193.24,200.93,213.97,222.77,0.0,0.0,0.0,0.0,0.0,0.0,0.0,194.57666666666668,195.205,193.072,189.32,200.11,197.09,184.54,178.21666666666667,179.39999999999998,181.156,175.95,176.79,182.95,188.18,106.33999999999999,105.9825,105.816,107.99,106.45,104.91,105.15,173.63333333333333,170.7425,181.934,160.77,201.24,162.07,226.70
2023-05-20,183.69,183.62,182.7,0.0,158.98,134.61,99.93,111.21,95.97,136.51333333333332,136.83249999999998,137.098,135.98,138.95,137.79,138.16,114.75666666666666,116.2625,117.498,115.51,117.55,120.78,122.44,103.51666666666667,104.97,106.16,103.28,107.34,109.33,110.92,189.25666666666666,192.175,196.53400000000002,190.91,193.24,200.93,213.97,0.0,0.0,0.0,0.0,0.0,0.0,0.0,189.10333333333332,191.85500000000002,192.902,194.3,189.32,200.11,197.09,180.18666666666664,179.33749999999998,180.06,181.91,175.95,176.79,182.95,102.84666666666665,103.7475,103.97999999999999,104.58,107.99,106.45,104.91,159.54666666666665,169.97000000000003,168.39000000000001,158.89,160.77,201.24,162.07
2023-05-27,186.28,193.01,182.67,0.0,171.88,133.12,95.46,110.05,93.04,134.57000000000002,135.66500000000002,136.08999999999997,134.61,135.98,138.95,137.79,112.25666666666666,113.57999999999998,115.02000000000001,111.21,115.51,117.55,120.78,99.55666666666667,101.5025,103.06800000000001,99.93,103.28,107.34,109.33,189.17999999999998,190.195,192.342,183.62,190.91,193.24,200.93,0.0,0.0,0.0,0.0,0.0,0.0,0.0,188.09,188.3975,190.74,183.69,194.3,189.32,200.11,182.42666666666665,180.80749999999998,180.00399999999996,182.7,181.91,175.95,176.79,97.86333333333333,100.39500000000001,101.606,95.97,104.58,107.99,106.45,163.25,162.63,170.352,158.98,158.89,160.77,201.24
2023-06-03,199.47,206.53,179.91,0.0,149.2,131.33,93.26,105.97,90.31,133.02,133.76,134.798,133.12,134.61,135.98,138.95,109.07666666666667,110.685,112.05799999999999,110.05,111.21,115.51,117.55,96.21666666666665,97.9825,99.854,95.46,99.93,103.28,107.34,194.38666666666666,193.51749999999998,193.462,193.01,183.62,190.91,193.24,0.0,0.0,0.0,0.0,0.0,0.0,0.0,189.81333333333336,190.935,190.612,186.28,183.69,194.3,189.32,181.76,181.7975,180.628,182.67,182.7,181.91,175.95,93.10666666666667,95.975,98.378,93.04,95.97,104.58,107.99,160.02,159.7375,159.94400000000002,171.88,158.98,158.89,160.77
2023-06-10,225.96,215.78,180.21,0.0,163.69,130.81,95.96,106.77,90.01,131.75333333333336,132.4675,133.17000000000002,131.33,133.12,134.61,135.98,107.59666666666668,108.5,109.902,105.97,110.05,111.21,115.51,94.89333333333333,96.15249999999999,97.578,93.26,95.46,99.93,103.28,205.10666666666665,199.73499999999999,197.96999999999997,206.53,193.01,183.62,190.91,0.0,0.0,0.0,0.0,0.0,0.0,0.0,203.90333333333334,198.85,197.94,199.47,186.28,183.69,194.3,180.92999999999998,181.37249999999997,181.48,179.91,182.67,182.7,181.91,91.12,92.33250000000001,94.78200000000001,90.31,93.04,95.97,104.58,161.59,160.9375,160.52799999999996,149.2,171.88,158.98,158.89
2023-06-17,236.22,217.54,180.94,0.0,142.35,129.21,96.58,106.16,89.22,130.45000000000002,131.1175,131.816,130.81,131.33,133.12,134.61,106.3,107.2375,108.032,106.77,105.97,110.05,111.21,95.26666666666667,95.315,96.238,95.96,93.26,95.46,99.93,213.28333333333333,208.21499999999997,203.296,215.78,206.53,193.01,183.62,0.0,0.0,0.0,0.0,0.0,0.0,0.0,220.55000000000004,211.98250000000002,206.32399999999998,225.96,199.47,186.28,183.69,180.35333333333332,180.9325,181.286,180.21,179.91,182.67,182.7,89.84666666666665,90.645,91.71000000000001,90.01,90.31,93.04,95.97,151.74666666666667,156.78,157.21999999999997,163.69,149.2,171.88,158.98
2023-06-24,235.75,213.03,186.53,0.0,190.59,128.57,97.18,105.73,91.00,129.53,129.98000000000002,130.608,129.21,130.81,131.33,133.12,106.21999999999998,106.1575,106.93599999999999,106.16,106.77,105.97,110.05,96.57333333333334,95.745,95.688,96.58,95.96,93.26,95.46,215.45000000000002,213.22,209.17799999999997,217.54,215.78,206.53,193.01,0.0,0.0,0.0,0.0,0.0,0.0,0.0,232.64333333333335,224.35,216.73599999999996,236.22,225.96,199.47,186.28,182.56000000000003,181.8975,182.052,180.94,180.21,179.91,182.67,90.07666666666667,90.13499999999999,90.716,89.22,90.01,90.31,93.04,165.54333333333332,161.45749999999998,163.54199999999997,142.35,163.69,149.2,171.88
2023-07-01,241.71,213.56,187.14,0.0,152.62,131.42,94.79,106.04,87.19,129.73333333333332,130.0025,130.268,128.57,129.21,130.81,131.33,105.97666666666667,106.175,106.13400000000001,105.73,106.16,106.77,105.97,96.18333333333334,96.1275,95.554,97.18,96.58,95.96,93.26,214.71,214.9775,213.288,213.03,217.54,215.78,206.53,0.0,0.0,0.0,0.0,0.0,0.0,0.0,237.89333333333332,234.91000000000003,227.82199999999997,235.75,236.22,225.96,199.47,184.87,183.705,182.946,186.53,180.94,180.21,179.91,89.13666666666666,89.355,89.54599999999999,91.00,89.22,90.01,90.31,161.85333333333332,162.3125,159.69,190.59,142.35,163.69,149.2
2023-07-08,238.82,215.23,182.15,0.0,167.25,128.51,93.07,105.6,84.79,129.5,129.4275,129.704,131.42,128.57,129.21,130.81,105.79,105.88250000000001,106.05999999999999,106.04,105.73,106.16,106.77,95.01333333333334,95.405,95.51599999999999,94.79,97.18,96.58,95.96,213.94000000000003,214.84,215.02799999999996,213.56,213.03,217.54,215.78,0.0,0.0,0.0,0.0,0.0,0.0,0.0,238.76,238.125,235.692,241.71,235.75,236.22,225.96,185.2733333333333,184.19,183.39399999999998,187.14,186.53,180.94,180.21,87.66000000000001,88.05,88.442,87.19,91.00,89.22,90.01,170.15333333333334,163.2025,163.3,152.62,190.59,142.35,163.69
2023-07-15,235.72,213.6,184.32,0.0,163.34,126.17,91.1,105.5,82.44,128.7,128.6675,128.776,128.51,131.42,128.57,129.21,105.71333333333332,105.7175,105.806,105.6,106.04,105.73,106.16,92.98666666666666,94.035,94.544,93.07,94.79,97.18,96.58,214.13,213.855,214.592,215.23,213.56,213.03,217.54,0.0,0.0,0.0,0.0,0.0,0.0,0.0,238.75,238.0,237.644,238.82,241.71,235.75,236.22,184.53666666666666,185.035,184.216,182.15,187.14,186.53,180.94,84.80666666666667,86.355,86.928,84.79,87.19,91.00,89.22,161.07000000000002,168.45,163.23,167.25,152.62,190.59,142.35
2023-07-22,232.14,210.43,178.53,0.0,145.04,126.63,94.05,102.46,82.26,127.10333333333334,128.1825,128.26,126.17,128.51,131.42,128.57,104.51999999999998,104.89999999999999,105.06599999999999,105.5,105.6,106.04,105.73,92.74,93.2525,94.038,91.1,93.07,94.79,97.18,213.08666666666667,213.20499999999998,213.17000000000002,213.6,215.23,213.56,213.03,0.0,0.0,0.0,0.0,0.0,0.0,0.0,235.55999999999997,237.0975,236.82799999999997,235.72,238.82,241.71,235.75,181.66666666666666,183.035,183.73399999999998,184.32,182.15,187.14,186.53,83.16333333333334,84.17,85.536,82.44,84.79,87.19,91.00,158.54333333333332,157.0625,163.768,163.34,167.25,152.62,190.59
2023-07-29,224.21,210.37,173.6,0.0,158.69,126,93.3,101.32,81.23,126.26666666666667,126.8275,127.74600000000001,126.63,126.17,128.51,131.42,103.09333333333332,103.72,104.184,102.46,105.5,105.6,106.04,92.81666666666666,92.88,93.262,94.05,91.1,93.07,94.79,211.46666666666667,212.4075,212.638,210.43,213.6,215.23,213.56,0.0,0.0,0.0,0.0,0.0,0.0,0.0,230.69000000000003,232.7225,234.51999999999998,232.14,235.72,238.82,241.71,178.8166666666667,179.65,181.148,178.53,184.32,182.15,187.14,81.97666666666667,82.68,83.58200000000001,82.26,82.44,84.79,87.19,155.69,158.57999999999998,157.388,145.04,163.34,167.25,152.62
2023-08-05,227.34,205.48,163.86,0.0,153.67,126.52,91.58,101.24,80.76,126.38333333333333,126.32999999999998,126.76599999999999,126,126.63,126.17,128.51,101.67333333333333,102.63,103.224,101.32,102.46,105.5,105.6,92.97666666666667,92.5075,92.61999999999999,93.3,94.05,91.1,93.07,208.76,209.97,211.02200000000002,210.37,210.43,213.6,215.23,0.0,0.0,0.0,0.0,0.0,0.0,0.0,227.89666666666668,229.85250000000002,231.64600000000002,224.21,232.14,235.72,238.82,171.99666666666667,175.07750000000001,176.49200000000002,173.6,178.53,184.32,182.15,81.41666666666667,81.6725,82.296,81.23,82.26,82.44,84.79,152.46666666666667,155.185,157.598,158.69,145.04,163.34,167.25
2023-08-12,222.27,203.07,162.28,0.0,150.68,128.87,91.15,99.55,82.69,127.13,127.005,126.838,126.52,126,126.63,126.17,100.70333333333333,101.14249999999998,102.01399999999998,101.24,101.32,102.46,105.5,92.00999999999999,92.52,92.23599999999999,91.58,93.3,94.05,91.1,206.30666666666664,207.33749999999998,208.59,205.48,210.37,210.43,213.6,0.0,0.0,0.0,0.0,0.0,0.0,0.0,224.60666666666668,226.49,228.336,227.34,224.21,232.14,235.72,166.58,169.5675,172.518,163.86,173.6,178.53,184.32,81.56,81.735,81.876,80.76,81.23,82.26,82.44,154.34666666666666,152.01999999999998,154.284,153.67,158.69,145.04,163.34
2023-08-19,209.54,195.73,156.45,0.0,175.06,128.59,90.83,101.91,82.43,127.99333333333334,127.495,127.322,128.87,126.52,126,126.63,100.89999999999999,101.005,101.29599999999999,99.55,101.24,101.32,102.46,91.18666666666667,91.71499999999999,92.182,91.15,91.58,93.3,94.05,201.42666666666665,203.6625,205.016,203.07,205.48,210.37,210.43,0.0,0.0,0.0,0.0,0.0,0.0,0.0,219.71666666666667,220.84,223.1,222.27,227.34,224.21,232.14,160.86333333333334,164.0475,166.94400000000002,162.28,163.86,173.6,178.53,81.96,81.7775,81.874,82.69,80.76,81.23,82.26,159.8033333333333,159.525,156.628,150.68,153.67,158.69,145.04
2023-08-26,214.61,197.69,164.28,0.0,168.31,128.82,89.68,97.78,81.13,128.76,128.2,127.75999999999999,128.59,128.87,126.52,126,99.74666666666667,100.12,100.35999999999999,101.91,99.55,101.24,101.32,90.55333333333334,90.81,91.308,90.83,91.15,91.58,93.3,198.83,200.4925,202.46800000000002,195.73,203.07,205.48,210.37,0.0,0.0,0.0,0.0,0.0,0.0,0.0,215.47333333333336,218.44,219.594,209.54,222.27,227.34,224.21,161.00333333333333,161.7175,164.094,156.45,162.28,163.86,173.6,82.08333333333333,81.7525,81.648,82.43,82.69,80.76,81.23,164.68333333333337,161.93,161.28199999999998,175.06,150.68,153.67,158.69
2023-09-02,214.94,196.14,160.5,0.0,156.64,0,88.51,100.25,81.08,85.80333333333333,96.57000000000001,102.55999999999999,128.82,128.59,128.87,126.52,99.98,99.8725,100.146,97.78,101.91,99.55,101.24,89.67333333333333,90.04249999999999,90.35,89.68,90.83,91.15,91.58,196.51999999999998,198.1575,199.622,197.69,195.73,203.07,205.48,0.0,0.0,0.0,0.0,0.0,0.0,0.0,213.03,215.34000000000003,217.74,214.61,209.54,222.27,227.34,160.41,160.8775,161.474,164.28,156.45,162.28,163.86,81.54666666666667,81.83250000000001,81.61800000000001,81.13,82.43,82.69,80.76,166.67,162.6725,160.872,168.31,175.06,150.68,153.67
2023-09-09,214.96,192.84,157.91,0.0,164.7,130.83,88.58,100.87,81.23,86.55,97.06,103.422,0,128.82,128.59,128.87,99.63333333333333,100.20250000000001,100.072,100.25,97.78,101.91,99.55,88.92333333333335,89.4,89.75,88.51,89.68,90.83,91.15,195.55666666666664,195.59999999999997,197.094,196.14,197.69,195.73,203.07,0.0,0.0,0.0,0.0,0.0,0.0,0.0,214.83666666666667,213.5125,215.26400000000004,214.94,214.61,209.54,222.27,160.89666666666665,159.785,160.284,160.5,164.28,156.45,162.28,81.14666666666666,81.4675,81.712,81.08,81.13,82.43,82.69,163.21666666666667,166.17749999999998,163.078,156.64,168.31,175.06,150.68
2023-09-16,211.39,193.55,158.68,0.0,168.33,134.45,90.28,102.8,82.32,88.42666666666666,98.525,104.53800000000001,130.83,0,128.82,128.59,101.30666666666667,100.425,100.72200000000001,100.87,100.25,97.78,101.91,89.12333333333333,89.2625,89.57600000000001,88.58,88.51,89.68,90.83,194.17666666666665,195.055,195.19,192.84,196.14,197.69,195.73,0.0,0.0,0.0,0.0,0.0,0.0,0.0,213.76333333333332,213.975,213.08800000000002,214.96,214.94,214.61,209.54,159.03,160.3425,159.564,157.91,160.5,164.28,156.45,81.54333333333334,81.44,81.638,81.23,81.08,81.13,82.43,163.22333333333333,164.495,166.608,164.7,156.64,168.31,175.06
2023-09-23,218.51,196.87,157.39,0.0,164.1,131.13,90.58,103.72,82.03,132.13666666666666,99.10249999999999,105.046,134.45,130.83,0,128.82,102.46333333333332,101.91,101.084,102.8,100.87,100.25,97.78,89.81333333333333,89.48750000000001,89.526,90.28,88.58,88.51,89.68,194.42,194.85,195.418,193.55,192.84,196.14,197.69,0.0,0.0,0.0,0.0,0.0,0.0,0.0,214.95333333333335,214.95,214.882,211.39,214.96,214.94,214.61,157.99333333333334,158.62,159.752,158.68,157.91,160.5,164.28,81.86,81.665,81.558,82.32,81.23,81.08,81.13,165.71,163.4425,164.416,168.33,164.7,156.64,168.31
2023-09-30,216.32,198.37,159.63,0.0,155.33,130.31,92.88,101.55,80.34,131.96333333333334,131.68,105.34400000000001,131.13,134.45,130.83,0,102.69,102.23499999999999,101.838,103.72,102.8,100.87,100.25,91.24666666666667,90.58000000000001,90.166,90.58,90.28,88.58,88.51,196.26333333333332,195.4075,195.554,196.87,193.55,192.84,196.14,0.0,0.0,0.0,0.0,0.0,0.0,0.0,215.40666666666664,215.295,215.224,218.51,211.39,214.96,214.94,158.5666666666667,158.4025,158.82199999999997,157.39,158.68,157.91,160.5,81.56333333333333,81.48,81.4,82.03,82.32,81.23,81.08,162.58666666666667,163.115,161.82,164.1,168.33,164.7,156.64
2023-10-07,212.05,199.55,161.22,0.0,149.85,129.97,94.57,102.29,83.50,130.47,131.46499999999997,131.33800000000002,130.31,131.13,134.45,130.83,102.52,102.58999999999999,102.246,101.55,103.72,102.8,100.87,92.67666666666666,92.07749999999999,91.378,92.88,90.58,90.28,88.58,198.26333333333335,197.08499999999998,196.23600000000002,198.37,196.87,193.55,192.84,0.0,0.0,0.0,0.0,0.0,0.0,0.0,215.62666666666667,214.5675,214.64600000000002,216.32,218.51,211.39,214.96,159.41333333333333,159.23,158.96599999999998,159.63,157.39,158.68,157.91,81.95666666666666,82.0475,81.88399999999999,80.34,82.03,82.32,81.23,156.42666666666665,159.4025,160.46200000000002,155.33,164.1,168.33,164.7
